Judul;Tanggal;Jam Upload (WIB);;;;;;;;;;;;;;;;;;;;;;;
TNI AL KEPUNG AMBALAT‼ MALAYSIA KETAR-KETIR...;2025-12-01;07.30;;;;;;;;;;;;;;;;;;;;;;;
INDONESIA STOP IMPOR BERAS, JAGUNG, DAN GARAM‼...;2025-12-01;12.30;;;;;;;;;;;;;;;;;;;;;;;
INDONESIA KALAHKAN ISRAEL & IRAN MILITER...;2025-12-01;15.30;;;;;;;;;;;;;;;;;;;;;;;
TNI AL KEPUNG AMBALAT‼... (Shorts);2025-12-01;17.00;;;;;;;;;;;;;;;;;;;;;;;
TAIWAN GELONTORKAN RP 666 T BIKIN T-DOME...;2025-12-01;18.30;;;;;;;;;;;;;;;;;;;;;;;
BANGGA‼ BANGLADESH PAMER KERETA CANGGIH...;2025-12-01;20.30;;;;;;;;;;;;;;;;;;;;;;;
PAPUA BARAT JADI REBUTAN ASING, PRABOWO...;2025-12-02;07.30;;;;;;;;;;;;;;;;;;;;;;;
SUDAN–ANGOLA–ETHIOPIA GABUNG INDONESIA...;2025-12-02;09.30;;;;;;;;;;;;;;;;;;;;;;;
MALAYSIA DIBUAT CEMAS, INDONESIA & AUSTRALIA...;2025-12-02;12.30;;;;;;;;;;;;;;;;;;;;;;;
INDONESIA LOLOS JEBAKAN AS, MALAYSIA MALAH...;2025-12-02;15.30;;;;;;;;;;;;;;;;;;;;;;;
MALAYSIA MAKIN CIUT NYALINYA, INDONESIA GANDENG...;2025-12-03;07.30;;;;;;;;;;;;;;;;;;;;;;;
INDIA & JEPANG BANGUN POROS BARU DENGAN...;2025-12-03;10.30;;;;;;;;;;;;;;;;;;;;;;;
IRAN UNDANG INDONESIA, PRABOWO PENENTU...;2025-12-03;12.30;;;;;;;;;;;;;;;;;;;;;;;
INDONESIA KENDALIKAN SUPLAI EMAS DUNIA...;2025-12-03;15.30;;;;;;;;;;;;;;;;;;;;;;;
BANGGA‼ BANGLADESH PAMER KERETA... (Shorts);2025-12-03;17.01;;;;;;;;;;;;;;;;;;;;;;;
JENDERAL AMERIKA PUJI KEKUATAN TNI...;2025-12-03;18.30;;;;;;;;;;;;;;;;;;;;;;;
MALAYSIA KETAKUTAN, TNI DITERJUNKAN 750...;2025-12-03;20.30;;;;;;;;;;;;;;;;;;;;;;;
RI TERIMA JET TEMPUR RAFALE PRANCIS, SINDIRAN...;2025-12-04;07.30;;;;;;;;;;;;;;;;;;;;;;;
PRABOWO KIRIM ULTIMATUM MILITER, PAPUA NUGINI...;2025-12-04;09.30;;;;;;;;;;;;;;;;;;;;;;;
KORP MARINIR BELANDA PUJI TNI PAMER ROKET...;2025-12-04;13.15;;;;;;;;;;;;;;;;;;;;;;;
MALAYSIA HEBOH BANDINGKAN BANJIR BESAR PAHANG...;2025-12-04;16.00;;;;;;;;;;;;;;;;;;;;;;;
MALAYSIA KETAKUTAN, TNI DITERJUNKAN... (Shorts);2025-12-04;17.00;;;;;;;;;;;;;;;;;;;;;;;
DOLLAR AUTO NYUNGSEP, RI SETOR RP16,6 T...;2025-12-04;19.00;;;;;;;;;;;;;;;;;;;;;;;
INDONESIA & AFRIKA RESMI BANGUN HUB EKONOMI...;2025-12-04;20.30;;;;;;;;;;;;;;;;;;;;;;;
QRIS INDONESIA PECAHKAN REKOR TERTINGGI...;2025-12-05;07.30;;;;;;;;;;;;;;;;;;;;;;;
3 WILAYAH INI INGIN MERDEKA DARI INDONESIA...;2025-12-05;09.30;;;;;;;;;;;;;;;;;;;;;;;
YUNANI & INDIA TAKJUB LIHAT KEKUATAN BESAR...;2025-12-05;13.15;;;;;;;;;;;;;;;;;;;;;;;
DOLLAR AUTO NYUNGSEP, RI SETOR RP16,6 T... (Shorts);2025-12-05;17.00;;;;;;;;;;;;;;;;;;;;;;;
MALAYSIA-SINGAPURA KETAR-KETIR LIHAT PRAJURIT...;2025-12-05;18.30;;;;;;;;;;;;;;;;;;;;;;;
MALAYSIA TAK KUASA KAPAL PERANG & B737...;2025-12-05;21.00;;;;;;;;;;;;;;;;;;;;;;;
MALAYSIA HEBOH BANDINGKAN PENANGANAN BENCANA...;2025-12-06;07.30;;;;;;;;;;;;;;;;;;;;;;;
MALAYSIA KAGET, INILAH DAFTAR NEGARA...;2025-12-06;09.30;;;;;;;;;;;;;;;;;;;;;;;
RI–AUSTRALIA–PNG BERSATU BENTUK POROS...;2025-12-06;14.00;;;;;;;;;;;;;;;;;;;;;;;
PAPUA NUGINI KETAKUTAN MINTA DIBENTUK ZONA...;2025-12-06;16.45;;;;;;;;;;;;;;;;;;;;;;;
MALAYSIA TAK KUASA KAPAL PERANG... (Shorts);2025-12-06;17.00;;;;;;;;;;;;;;;;;;;;;;;
MALAYSIA HEBOH INDONESIA RESMI EKSPOR BERAS...;2025-12-06;18.30;;;;;;;;;;;;;;;;;;;;;;;
MASUK TV JEPANG‼ TNI GERAM BANTUAN RI...;2025-12-06;21.00;;;;;;;;;;;;;;;;;;;;;;;
INDONESIA PIMPIN BLOK 8 NEGARA MUSLIM...;2025-12-07;07.30;;;;;;;;;;;;;;;;;;;;;;;
KEBIJAKAN PRABOWO BIKIN MALAYSIA KEHILANGAN...;2025-12-07;10.00;;;;;;;;;;;;;;;;;;;;;;;
INDONESIA DIAM-DIAM TANCAPKAN PENGARUH BESAR...;2025-12-07;12.30;;;;;;;;;;;;;;;;;;;;;;;
FREGAT MERAH PUTIH JADI MONSTER ASEAN...;2025-12-07;16.30;;;;;;;;;;;;;;;;;;;;;;;
MASUK TV JEPANG‼ TNI GERAM BANTUAN... (Shorts);2025-12-07;17.00;;;;;;;;;;;;;;;;;;;;;;;
CHINA BANGUN PANGKALAN MILITER DEKAT LAUT RI...;2025-12-07;18.30;;;;;;;;;;;;;;;;;;;;;;;
VIDEO RAHASIA PRABOWO & MENHAN SJAFRIE BOCOR!...;2025-12-07;20.30;;;;;;;;;;;;;;;;;;;;;;;
RI BALAS DENDAM‼ DARI BUDAK ENERGI JADI BOS...;2025-12-08;07.30;;;;;;;;;;;;;;;;;;;;;;;
KOPASSUS GEMBLENG TENTARA BRUNEI SAMPAI PINGSAN...;2025-12-08;13.00;;;;;;;;;;;;;;;;;;;;;;;
SINGAPURA DIAMBANG KEBANGKRUTAN, PM WONG...;2025-12-08;15.30;;;;;;;;;;;;;;;;;;;;;;;
VIDEO RAHASIA PRABOWO & MENHAN... (Shorts);2025-12-08;17.00;;;;;;;;;;;;;;;;;;;;;;;
WADUH‼ TIBA TIBA INDONESIA GERTAK MEKSIKO...;2025-12-08;19.00;;;;;;;;;;;;;;;;;;;;;;;
MALAYSIA TERHARU‼ AKSI HEROIK TNI SELAMATKAN...;2025-12-08;20.30;;;;;;;;;;;;;;;;;;;;;;;
MALAYSIA PANIK! MEDIA ASING BONGKAR PROYEK...;2025-12-09;07.30;;;;;;;;;;;;;;;;;;;;;;;
NEGARA PENDUKUNG OPM PANIK, TNI GAGALKAN...;2025-12-09;09.30;;;;;;;;;;;;;;;;;;;;;;;
MALAYSIA HEBOH! INDONESIA RAKIT SENJATA...;2025-12-09;12.30;;;;;;;;;;;;;;;;;;;;;;;
MALAYSIA KAGET BUKAN MAIN! PRABOWO DIKAWAL...;2025-12-09;16.15;;;;;;;;;;;;;;;;;;;;;;;
MALAYSIA TERHARU‼ AKSI HEROIK TNI... (Shorts);2025-12-09;17.01;;;;;;;;;;;;;;;;;;;;;;;
PM TIMOR LESTE TERDIAM KAGUM TEMUI SULTAN HB X...;2025-12-09;18.15;;;;;;;;;;;;;;;;;;;;;;;
MALAYSIA PANIK! INDONESIA-RUSIA PERKUAT...;2025-12-09;20.15;;;;;;;;;;;;;;;;;;;;;;;
TETANGGA KAYA INI AKHIRNYA DIBUAT NGEMIS...;2025-12-10;10.15;;;;;;;;;;;;;;;;;;;;;;;
MALAYSIA MAKIN IRI! QRIS INDONESIA TEMBUS...;2025-12-10;13.15;;;;;;;;;;;;;;;;;;;;;;;
MALAYSIA PANIK! INDONESIA-RUSIA... (Shorts);2025-12-10;17.00;;;;;;;;;;;;;;;;;;;;;;;
MALAYSIA HERAN! JARANG TERJADI, 6 JET TEMPUR...;2025-12-10;17.15;;;;;;;;;;;;;;;;;;;;;;;
DIHINA NEGARA IQ RENDAH, INDONESIA TAMPAR...;2025-12-10;18.30;;;;;;;;;;;;;;;;;;;;;;;
PRABOWO DISAMBUT LUAR BIASA DI PAKISTAN...;2025-12-10;20.15;;;;;;;;;;;;;;;;;;;;;;;
USAI DIKAWAL 6 JET PAKISTAN, PRABOWO TEMUI...;2025-12-11;07.30;;;;;;;;;;;;;;;;;;;;;;;
MALAYSIA KLAIM BATIK DI DEPAN KONTINGEN...;2025-12-11;10.15;;;;;;;;;;;;;;;;;;;;;;;
BATAM JADI MEDAN PERANG, KEKUATAN MARITIM RI...;2025-12-11;13.15;;;;;;;;;;;;;;;;;;;;;;;
MALAYSIA PANIK! PUTIN SAMBUT PRABOWO...;2025-12-11;16.15;;;;;;;;;;;;;;;;;;;;;;;
PRABOWO DISAMBUT LUAR BIASA... (Shorts);2025-12-11;17.00;;;;;;;;;;;;;;;;;;;;;;;
SERING HINA INDONESIA, KINI SINGAPURA BUNGKAM...;2025-12-11;18.30;;;;;;;;;;;;;;;;;;;;;;;
DPR MALAYSIA NGOTOT CAPLOK AMBALAT...;2025-12-11;20.15;;;;;;;;;;;;;;;;;;;;;;;
KOCAK! KLAIM DAMAIKAN KAMBOJA-THAILAND...;2025-12-12;07.15;;;;;;;;;;;;;;;;;;;;;;;
TAK PERCAYA! MENTERI MALAYSIA TERPUKAU KUNJUNGI...;2025-12-12;13.15;;;;;;;;;;;;;;;;;;;;;;;
INDONESIA BERSIAP PERANG! MALAYSIA MENGHASUT...;2025-12-12;16.15;;;;;;;;;;;;;;;;;;;;;;;
DPR MALAYSIA NGOTOT CAPLOK... (Shorts);2025-12-12;17.00;;;;;;;;;;;;;;;;;;;;;;;
GEMPAR! VIRUS BERBAHAYA MENYERANG MALAYSIA...;2025-12-12;18.15;;;;;;;;;;;;;;;;;;;;;;;
KARMA HINA INDONESIA, JUTAAN RAKYAT MALAYSIA...;2025-12-13;08.15;;;;;;;;;;;;;;;;;;;;;;;
MALAYSIA MARAH BESAR AMBALAT DIAMBIL ALIH...;2025-12-13;11.00;;;;;;;;;;;;;;;;;;;;;;;
SEPAKAT! RUSIA BANGUN NUKLIR DI KALTIM...;2025-12-13;13.15;;;;;;;;;;;;;;;;;;;;;;;
DPR MALAYSIA BELAJAR KE KDM SEBUT BETAH...;2025-12-13;17.30;;;;;;;;;;;;;;;;;;;;;;;
SEKUTU JIRAN LEPAS TANGAN TAK AKAN BANTU...;2025-12-13;19.00;;;;;;;;;;;;;;;;;;;;;;;
TAK GENTAR! TNI AL HALAU CHINA DAN MALAYSIA...;2025-12-13;20.30;;;;;;;;;;;;;;;;;;;;;;;
INDONESIA WASPADA PENGIBARAN BENDERA MALAYSIA...;2025-12-14;07.15;;;;;;;;;;;;;;;;;;;;;;;
MALAYSIA TAK SIAP PERANG GARA-GARA AMBALAT...;2025-12-14;13.15;;;;;;;;;;;;;;;;;;;;;;;
PRABOWO MURKA‼ MALAYSIA & GAM DINILAI SUDAH...;2025-12-14;16.15;;;;;;;;;;;;;;;;;;;;;;;
TAK GENTAR! TNI AL HALAU CHINA... (Shorts);2025-12-14;17.00;;;;;;;;;;;;;;;;;;;;;;;
MALAYSIA KETAKUTAN DIMUSUHI SATU ASEAN!...;2025-12-14;18.30;;;;;;;;;;;;;;;;;;;;;;;
TIMUR TENGAH MENANGIS HARU‼ GAZA & IRAN...;2025-12-14;21.00;;;;;;;;;;;;;;;;;;;;;;;
MALAYSIA GAGAL TOTAL! PRABOWO TURUN TANGAN...;2025-12-15;08.00;;;;;;;;;;;;;;;;;;;;;;;
TNI LEBIH DIPERCAYA DARI PASUKAN PBB SAAT...;2025-12-15;10.15;;;;;;;;;;;;;;;;;;;;;;;
PERKUAT AMBALAT, TNI PAMER KEKUATAN MILITER...;2025-12-15;13.15;;;;;;;;;;;;;;;;;;;;;;;
DPR MALAYSIA HEBOH! KLAIM RELAWANNYA JADI...;2025-12-15;17.00;;;;;;;;;;;;;;;;;;;;;;;
TIMUR TENGAH MENANGIS HARU‼... (Shorts);2025-12-15;17.00;;;;;;;;;;;;;;;;;;;;;;;
HEBOH! QRIS INDONESIA TEMBUS ARAB SAUDI...;2025-12-15;18.15;;;;;;;;;;;;;;;;;;;;;;;
REMEHKAN DAN HINA TKI MALAYSIA DIBANJIRI...;2025-12-15;21.00;;;;;;;;;;;;;;;;;;;;;;;
JIKA MALAYSIA NEKAT AJAK PERANG, BEGINILAH...;2025-12-16;07.30;;;;;;;;;;;;;;;;;;;;;;;
PRABOWO KIRIM RIBUAN TNI KE PAPUA, SINYAL...;2025-12-16;10.15;;;;;;;;;;;;;;;;;;;;;;;
MALAYSIA MINTA BANTUAN INDONESIA AKUI...;2025-12-16;13.15;;;;;;;;;;;;;;;;;;;;;;;
REMEHKAN DAN HINA TKI... (Shorts);2025-12-16;17.00;;;;;;;;;;;;;;;;;;;;;;;
RUGIKAN NEGARA RP300 TRILIUN‼ TNI TEMBAK...;2025-12-16;17.15;;;;;;;;;;;;;;;;;;;;;;;
JET TEMPUR T-50i GOLDEN EAGLE TNI AU TEMBUS...;2025-12-16;19.15;;;;;;;;;;;;;;;;;;;;;;;
NGELUNJAK AJAK PERANG! VIRAL WNA CHINA...;2025-12-17;07.15;;;;;;;;;;;;;;;;;;;;;;;
VIRAL! CEWEK KAMBOJA SEDIH MINTA BANTUAN...;2025-12-17;10.45;;;;;;;;;;;;;;;;;;;;;;;
SIAGA PERANG‼️ MALAYSIA PANIK, SELURUH...;2025-12-17;13.15;;;;;;;;;;;;;;;;;;;;;;;
MALAYSIA PANIK! RUSIA TAK SEGAN HANTAM...;2025-12-17;17.15;;;;;;;;;;;;;;;;;;;;;;;
DPR MALAYSIA IRI! PRABOWO SELALU DISAMBUT...;2025-12-17;19.00;;;;;;;;;;;;;;;;;;;;;;;
DITOLAK THAILAND! MALAYSIA PANIK MINTA...;2025-12-18;07.30;;;;;;;;;;;;;;;;;;;;;;;
MALAYSIA KETAR-KETIR, AS–AUSTRALIA–INDIA...;2025-12-18;13.00;;;;;;;;;;;;;;;;;;;;;;;
SIAP ATAU HANCUR! JIKA PERANG BESAR... (Shorts);2025-12-18;17.01;;;;;;;;;;;;;;;;;;;;;;;
MALAYSIA-AUSTRALIA KECEWA! PRABOWO TOLAK...;2025-12-19;07.30;;;;;;;;;;;;;;;;;;;;;;;
RI TOLAK 500 TON BANTUAN MALAYSIA!...;2025-12-19;10.15;;;;;;;;;;;;;;;;;;;;;;;
MEDIA ASING AKUI MALAYSIA TANPA INDONESIA...;2025-12-19;13.15;;;;;;;;;;;;;;;;;;;;;;;
MALAYSIA DEG-DEGAN! KRI BALAPUTRADEWA-322...;2025-12-19;16.15;;;;;;;;;;;;;;;;;;;;;;;
MALAYSIA HERAN DARI MANA DUIT INDONESIA...;2025-12-19;18.15;;;;;;;;;;;;;;;;;;;;;;;
MALAYSIA GELISAH! INDUSTRI DRONE INDONESIA...;2025-12-19;20.15;;;;;;;;;;;;;;;;;;;;;;;
KAPOK! POLITISI MALAYSIA SOK PALING...;2025-12-20;07.15;;;;;;;;;;;;;;;;;;;;;;;
DPR MALAYSIA NGAMUK! SEBUT INDONESIA...;2025-12-20;10.15;;;;;;;;;;;;;;;;;;;;;;;
MALAYSIA MELONGO! CHINA BERANI TEKAN...;2025-12-20;13.15;;;;;;;;;;;;;;;;;;;;;;;
JIRAN TERDIAM! TNI KEPUNG MALAYSIA?...;2025-12-20;16.15;;;;;;;;;;;;;;;;;;;;;;;
MALAYSIA GELISAH! INDUSTRI DRONE... (Shorts);2025-12-20;17.01;;;;;;;;;;;;;;;;;;;;;;;
KOPASSUS GEMBLENG TENTARA KAMBOJA...;2025-12-20;18.30;;;;;;;;;;;;;;;;;;;;;;;
MALAYSIA GAGAL TOTAL! KETUA ASEAN...;2025-12-20;20.15;;;;;;;;;;;;;;;;;;;;;;;
MALAYSIA DI AMBANG KIAMAT! SABAH & SARAWAK...;2025-12-21;07.15;;;;;;;;;;;;;;;;;;;;;;;
JIRAN KEGEERAN! MALAYSIA MAKSA BANGUN...;2025-12-21;11.00;;;;;;;;;;;;;;;;;;;;;;;
SINGAPURA & MALAYSIA KIAMAT! JALUR BARU...;2025-12-21;13.15;;;;;;;;;;;;;;;;;;;;;;;
KACANG LUPA KULIT! DIBANTU TRILIUNAN...;2025-12-21;18.15;;;;;;;;;;;;;;;;;;;;;;;
KAPOK! POLITISI MALAYSIA SOK... (Shorts);2025-12-21;19.00;;;;;;;;;;;;;;;;;;;;;;;
50 RIBU PERSONEL TNI-POLRI KEPUNG SUMATERA...;2025-12-21;20.15;;;;;;;;;;;;;;;;;;;;;;;
FITNAH KEJI! OKNUM JIRAN PELINTIR PIDATO...;2025-12-22;07.45;;;;;;;;;;;;;;;;;;;;;;;
THAILAND NGAMUK! WARGA MALAYSIA DIUSIR...;2025-12-22;10.15;;;;;;;;;;;;;;;;;;;;;;;
JIRAN KENA MENTAL! SUKA IKUT CAMPUR...;2025-12-22;13.15;;;;;;;;;;;;;;;;;;;;;;;
INDONESIA TURUN KE MEDAN TEMPUR! MALAYSIA...;2025-12-22;16.15;;;;;;;;;;;;;;;;;;;;;;;
JIRAN KEGEERAN! MALAYSIA MAKSA... (Shorts);2025-12-22;17.00;;;;;;;;;;;;;;;;;;;;;;;
MALAYSIA KENA MENTAL! TNI SIAGA PENUH...;2025-12-22;18.30;;;;;;;;;;;;;;;;;;;;;;;
INDONESIA-SPANYOL-JERMAN BERSATU TEMBUS...;2025-12-22;20.30;;;;;;;;;;;;;;;;;;;;;;;
IRONIS! SOK HASUT ACEH, PADALAH SABAH...;2025-12-23;07.15;;;;;;;;;;;;;;;;;;;;;;;
KURANG AJAR! MEDIA MALAYSIA FITNAH...;2025-12-23;10.15;;;;;;;;;;;;;;;;;;;;;;;
DARURAT MILITER ACEH! PRABOWO SERUKAN...;2025-12-23;13.15;;;;;;;;;;;;;;;;;;;;;;;
INDONESIA-SPANYOL-JERMAN BERSATU... (Shorts);2025-12-23;17.01;;;;;;;;;;;;;;;;;;;;;;;
MALAYSIA TERANCAM KELAPARAN! ANWAR IBRAHIM...;2025-12-23;17.30;;;;;;;;;;;;;;;;;;;;;;;
THAILAND NGAMUK! WARGA MALAYSIA DIUSIR...;2025-12-23;18.30;;;;;;;;;;;;;;;;;;;;;;;
"MALAYSIA KENA CERAMAH"" WARGANYA SENDIRI...""";2025-12-23;20.15;;;;;;;;;;;;;;;;;;;;;;;
RI TURUN KE ZONA PERANG, JIRAN TERDIAM...;2025-12-24;07.15;;;;;;;;;;;;;;;;;;;;;;;
MALAYSIA PANIK! MEDIA JIRAN SOROT RUDAL...;2025-12-24;10.15;;;;;;;;;;;;;;;;;;;;;;;
PM MALAYSIA DIPERMALUKAN! RI SIAP RAUP...;2025-12-24;13.30;;;;;;;;;;;;;;;;;;;;;;;
PILIH MALAYSIA ATAU INDONESIA!? JAWABAN...;2025-12-24;16.15;;;;;;;;;;;;;;;;;;;;;;;
"MALAYSIA KENA CERAMAH"" WARGANYA... (Shorts)""";2025-12-24;17.00;;;;;;;;;;;;;;;;;;;;;;;
MALAYSIA PROVOKATOR! MELAYU SUMATERA...;2025-12-24;19.15;;;;;;;;;;;;;;;;;;;;;;;
BANGGAKAN BANTUAN JIRAN! OKNUM ACEH...;2025-12-24;20.15;;;;;;;;;;;;;;;;;;;;;;;
MALAYSIA HASUT MELAYU SUMATERA & ACEH...;2025-12-25;07.15;;;;;;;;;;;;;;;;;;;;;;;
LUCU! SITUS GUNUNG PADANG DIKLAIM...;2025-12-25;11.15;;;;;;;;;;;;;;;;;;;;;;;
MALAYSIA DI AMBANG RUNTUH? 5 WILAYAH...;2025-12-25;14.00;;;;;;;;;;;;;;;;;;;;;;;
BANGGAKAN BANTUAN JIRAN! OKNUM ACEH... (Shorts);2025-12-25;17.00;;;;;;;;;;;;;;;;;;;;;;;
MALAYSIA & INGGRIS SAMA SAJA!? HARGA...;2025-12-25;19.00;;;;;;;;;;;;;;;;;;;;;;;
MALAYSIA TERKEJUT! MANUVER SENYAP...;2025-12-25;20.30;;;;;;;;;;;;;;;;;;;;;;;
MEDIA MALAYSIA KENA TAMPAR! RI TAK BUTUH...;2025-12-26;07.15;;;;;;;;;;;;;;;;;;;;;;;
MALAYSIA DI AMBANG BUBAR? NEGERI-NEGERI...;2025-12-26;10.15;;;;;;;;;;;;;;;;;;;;;;;
MALAYSIA TERDIAM! INDONESIA LEBIH...;2025-12-26;13.30;;;;;;;;;;;;;;;;;;;;;;;
MALAYSIA KENA AMUK! INDONESIA TUNJUKKAN...;2025-12-26;16.15;;;;;;;;;;;;;;;;;;;;;;;
MALAYSIA TERKEJUT! MANUVER SENYAP... (Shorts);2025-12-26;17.00;;;;;;;;;;;;;;;;;;;;;;;
MALAYSIA TERKEJUT! PRABOWO BANGKITKAN...;2025-12-27;07.15;;;;;;;;;;;;;;;;;;;;;;;
SULTAN ACEH NGAMUK! MALAYSIA HASUT...;2025-12-27;10.15;;;;;;;;;;;;;;;;;;;;;;;
MODUS BANTUAN MALAYSIA DISISIPI AGENDA...;2025-12-27;13.15;;;;;;;;;;;;;;;;;;;;;;;
MALAYSIA DI AMBANG BUBAR! SABAH, SARAWAK...;2025-12-27;16.15;;;;;;;;;;;;;;;;;;;;;;;
GEGER! PRABOWO ENDUS INTERVENSI... (Shorts);2025-12-27;17.00;;;;;;;;;;;;;;;;;;;;;;;
MALAYSIA TERDIAM! SOK DEKAT DENGAN AS...;2025-12-27;18.15;;;;;;;;;;;;;;;;;;;;;;;
GEGER! PRABOWO ENDUS INTERVENSI ASING...;2025-12-27;20.15;;;;;;;;;;;;;;;;;;;;;;;
MALAYSIA TERDIAM! QRIS INDONESIA RESMI...;2025-12-28;07.15;;;;;;;;;;;;;;;;;;;;;;;
MALAYSIA KETAR-KETIR! INDONESIA DOBRAK...;2025-12-28;10.15;;;;;;;;;;;;;;;;;;;;;;;
MAHATHIR NGAMUK! SEBUT MALAYSIA DIJAJAH...;2025-12-28;13.15;;;;;;;;;;;;;;;;;;;;;;;
JENDERAL GAM ANCAM PRABOWO? TNI-POLRI...;2025-12-28;16.15;;;;;;;;;;;;;;;;;;;;;;;
IRAN GANDENG PRABOWO SIAPKAN RUDAL...;2025-12-28;18.30;;;;;;;;;;;;;;;;;;;;;;;
BATAM MELEJIT RESMI GESER DOMINASI...;2025-12-28;20.15;;;;;;;;;;;;;;;;;;;;;;;
JEPANG DIBIKIN PANIK! MENHAN SJAFRIE...;2025-12-29;07.15;;;;;;;;;;;;;;;;;;;;;;;
USTADZ MALAYSIA SERUKAN ACEH PISAH...;2025-12-29;10.15;;;;;;;;;;;;;;;;;;;;;;;
JANGAN TERGODA PROVOKASI! NASIB TIMOR...;2025-12-29;13.15;;;;;;;;;;;;;;;;;;;;;;;
SABAH DAN SARAWAK BOSAN MISKIN!...;2025-12-29;16.15;;;;;;;;;;;;;;;;;;;;;;;
BATAM MELEJIT RESMI GESER... (Shorts);2025-12-29;17.01;;;;;;;;;;;;;;;;;;;;;;;
KEKUATAN TEMPUR INDONESIA NO 1 DI ASEAN...;2025-12-29;19.30;;;;;;;;;;;;;;;;;;;;;;;
MELAYU SUMATERA & KALIMANTAN BERSATU!...;2025-12-30;08.15;;;;;;;;;;;;;;;;;;;;;;;
ACEH MENGHINA SUKU JAWA! SULTAN ACEH...;2025-12-30;11.15;;;;;;;;;;;;;;;;;;;;;;;
TAKTIK GERTAK SAMBAL MALAYSIA GAGAL!...;2025-12-30;13.15;;;;;;;;;;;;;;;;;;;;;;;
PUTIN KERAHKAN PEMBOM NUKLIR KE SELATAN...;2025-12-30;16.15;;;;;;;;;;;;;;;;;;;;;;;
SINGAPURA KETAR-KETIR! INILAH TEROBOSAN...;2025-12-30;19.15;;;;;;;;;;;;;;;;;;;;;;;
GILA TAK ADA TOKO MALAYSIA WARGA...;2025-12-30;20.45;;;;;;;;;;;;;;;;;;;;;;;
BI4D4B! KELOMPOK ASNLF DEMO DI GEDUNG...;2025-12-31;07.30;;;;;;;;;;;;;;;;;;;;;;;
KEJAM! BANTUAN BANJIR ACEH DARI RAKYAT...;2025-12-31;10.15;;;;;;;;;;;;;;;;;;;;;;;
MALAYSIA DIKUCILKAN! THAILAND DAN...;2025-12-31;13.15;;;;;;;;;;;;;;;;;;;;;;;
MALAYSIA KENA MENTAL! WARGA PERBATASAN...;2025-12-31;16.15;;;;;;;;;;;;;;;;;;;;;;;
GILA TAK ADA TOKO MALAYSIA... (Shorts);2025-12-31;17.00;;;;;;;;;;;;;;;;;;;;;;;
JANGAN MAIN API! KAPAL PERANG TNI AL...;2025-12-31;18.30;;;;;;;;;;;;;;;;;;;;;;;
WASPADA! MEDIA MALAYSIA BONGKAR KECANGGIHAN KRI...;2026-01-01;10.30;;;;;;;;;;;;;;;;;;;;;;;
MANTAN SNIPER MALAYSIA AKUI: TAK TAKUT PERANG...;2026-01-01;14.15;;;;;;;;;;;;;;;;;;;;;;;
TIMOR LESTE MENANGIS LIHAT PAPUA! DULU PILIH...;2026-01-01;16.15;;;;;;;;;;;;;;;;;;;;;;;
DPR MALAYSIA TAKUT ANCAMAN PERANG INDONESIA...;2026-01-02;07.15;;;;;;;;;;;;;;;;;;;;;;;
NGAKAK! AKSI-AKSI TENTARA MALAYSIA BUAT KETAWA...;2026-01-02;13.15;;;;;;;;;;;;;;;;;;;;;;;
MAU AJAK PERANG? ATUK MALAYSIA HALU...;2026-01-02;16.15;;;;;;;;;;;;;;;;;;;;;;;
DIPUJA RAKYAT KAMBOJA! INDONESIA JADI...;2026-01-02;19.15;;;;;;;;;;;;;;;;;;;;;;;
PANTAS NGOTOT INGIN MERDEKA? LIHAT PERBANDINGAN...;2026-01-03;07.30;;;;;;;;;;;;;;;;;;;;;;;
TERBONGKAR! PERJANJIAN TERBURUK MALAYSIA...;2026-01-03;10.15;;;;;;;;;;;;;;;;;;;;;;;
CHINA OBOK-OBOK LAUT MALAYSIA DI TAHUN BARU...;2026-01-03;16.30;;;;;;;;;;;;;;;;;;;;;;;
TIMOR LESTE MENANGIS... (Shorts);2026-01-03;17.00;;;;;;;;;;;;;;;;;;;;;;;
DPR MALAYSIA PANIK! AKUI KAPAL SELAM RI...;2026-01-03;19.15;;;;;;;;;;;;;;;;;;;;;;;
MONSTER LAUT BARU! KRI BALAPUTRA DEWA...;2026-01-03;20.15;;;;;;;;;;;;;;;;;;;;;;;
TNI KEPUNG AMBALAT, DPR MALAYSIA MASIH NEKAT...;2026-01-04;07.15;;;;;;;;;;;;;;;;;;;;;;;
RAKYAT ACEH ASLI BUNGKAM & PERMALUKAN MALAYSIA...;2026-01-04;10.15;;;;;;;;;;;;;;;;;;;;;;;
AKIBAT REMEHIN PETANI! PASOKAN KELAPA MALAYSIA...;2026-01-04;13.15;;;;;;;;;;;;;;;;;;;;;;;
NGACA DULU! MEDIA MALAYSIA SEBUT PRABOWO ZIONIS...;2026-01-04;16.15;;;;;;;;;;;;;;;;;;;;;;;
MONSTER LAUT BARU... (Shorts);2026-01-04;17.00;;;;;;;;;;;;;;;;;;;;;;;
MALAYSIA SYOK BERAT! INDONESIA NEKAT BANTU IRAN...;2026-01-04;19.15;;;;;;;;;;;;;;;;;;;;;;;
PRABOWO NGAMUK! INDONESIA SKAKMAT 9 NEGARA...;2026-01-05;07.15;;;;;;;;;;;;;;;;;;;;;;;
KENA KARMA! DULU REMEHKAN & HINA TKI...;2026-01-05;10.15;;;;;;;;;;;;;;;;;;;;;;;
WARGA MALAYSIA NGAMUK! KELAKUAN WARGA BANGLADESH...;2026-01-05;13.15;;;;;;;;;;;;;;;;;;;;;;;
BEDA KELAS! TENTARA WANITA MALAYSIA DIHUJAT...;2026-01-05;16.30;;;;;;;;;;;;;;;;;;;;;;;
MALAYSIA TERKEJUT! RUSIA SERIUS DUKUNG PRABOWO...;2026-01-05;18.15;;;;;;;;;;;;;;;;;;;;;;;
BENDERA MALAYSIA DIBAKAR DI ACEH...;2026-01-06;08.15;;;;;;;;;;;;;;;;;;;;;;;
MEDIA ASING BONGKAR DATA MILITER RI VS MALAYSIA...;2026-01-06;13.15;;;;;;;;;;;;;;;;;;;;;;;
TNI KEPUNG TOTAL BLOK AMBALAT DENGAN KAPAL...;2026-01-06;16.15;;;;;;;;;;;;;;;;;;;;;;;
MALAYSIA TERKEJUT! RUSIA... (Shorts);2026-01-06;17.00;;;;;;;;;;;;;;;;;;;;;;;
GEMPAR! 6 NEGARA MAJU REBUTAN IMPOR BUS...;2026-01-06;19.00;;;;;;;;;;;;;;;;;;;;;;;
JOHOR INGIN MANDIRI, SABAH & SARAWAK MUAK...;2026-01-06;20.30;;;;;;;;;;;;;;;;;;;;;;;
DIHINA HAMA‼️ JATI DIRI SUKU JAWA DI SURINAME...;2026-01-07;07.15;;;;;;;;;;;;;;;;;;;;;;;
JANGAN MAIN-MAIN! TNI KERAHKAN SELURUH ARMADA...;2026-01-07;09.15;;;;;;;;;;;;;;;;;;;;;;;
MALAYSIA TERDIAM! SULTAN BOLKIAH BRUNEI BORONG...;2026-01-07;13.15;;;;;;;;;;;;;;;;;;;;;;;
JOHOR INGIN MANDIRI... (Shorts);2026-01-07;17.01;;;;;;;;;;;;;;;;;;;;;;;
ALARM BAHAYA BAGI KAPAL ASING! RUDAL CM-302...;2026-01-07;18.15;;;;;;;;;;;;;;;;;;;;;;;
INDIA KAGUM! INDONESIA BORONG RUDAL MAUT...;2026-01-07;20.15;;;;;;;;;;;;;;;;;;;;;;;
ALARM BAHAYA BAGI JIRAN! 42 UNIT RAFALE F4...;2026-01-08;07.15;;;;;;;;;;;;;;;;;;;;;;;
MALAYSIA GAGAL TOTAL! INDONESIA AMBIL ALIH...;2026-01-08;10.15;;;;;;;;;;;;;;;;;;;;;;;
RUDAL KHAN TNI RESMI SIAGA DI KALTIM...;2026-01-08;13.15;;;;;;;;;;;;;;;;;;;;;;;
PT PINDAD SIAP TAKLUKKAN AMERIKA LATIN...;2026-01-08;16.15;;;;;;;;;;;;;;;;;;;;;;;
INDIA KAGUM! INDONESIA BORONG... (Shorts);2026-01-08;17.00;;;;;;;;;;;;;;;;;;;;;;;
MEMALUKAN! TENTARA MALAYSIA BUKANNYA BERLATIH...;2026-01-08;19.15;;;;;;;;;;;;;;;;;;;;;;;
TIMOR LESTE KENA TIPU AUSTRALIA! KINI MENYESAL...;2026-01-09;07.30;;;;;;;;;;;;;;;;;;;;;;;
MALAYSIA HEBOH! PRABOWO TAK GENTAR! INDONESIA...;2026-01-09;13.15;;;;;;;;;;;;;;;;;;;;;;;
KONTRAS BANGET! 2026 MILITER MALAYSIA BIKIN...;2026-01-09;16.15;;;;;;;;;;;;;;;;;;;;;;;
MALAYSIA DIJAJAH! WARGA BANGLADESH BERJAYA...;2026-01-09;19.15;;;;;;;;;;;;;;;;;;;;;;;
MALAYSIA KAGET! CN235 BUATAN INDONESIA...;2026-01-09;20.15;;;;;;;;;;;;;;;;;;;;;;;
MALAYSIA-VIETNAM SYOK! SRILANGKA & AFRIKA...;2026-01-10;07.30;;;;;;;;;;;;;;;;;;;;;;;
BEDA KELAS BRO! YEL-YEL ASKAR MALAYSIA VS TNI...;2026-01-10;10.30;;;;;;;;;;;;;;;;;;;;;;;
MERINDING! JEPANG MINTA KIRIM RATUSAN RIBU TKI...;2026-01-10;13.15;;;;;;;;;;;;;;;;;;;;;;;
FILIPINA PAMER KERETA API BUATAN RI...;2026-01-11;08.15;;;;;;;;;;;;;;;;;;;;;;;
EROPA MENYESAL! SAWIT INDONESIA JADI...;2026-01-11;13.15;;;;;;;;;;;;;;;;;;;;;;;
KERETA BUATAN MADIUN JADI REBUTAN...;2026-01-11;16.15;;;;;;;;;;;;;;;;;;;;;;;
MALAYSIA GEMETAR! KAPAL SELAM OTONOM...;2026-01-11;18.30;;;;;;;;;;;;;;;;;;;;;;;
FILIPINA BANGGA PAMERKAN PESAWAT NC212i...;2026-01-11;20.15;;;;;;;;;;;;;;;;;;;;;;;
DULU SOMBONG MAU JADI DUBAI ASIA...;2026-01-12;07.30;;;;;;;;;;;;;;;;;;;;;;;
SKAKMAT PROVOKATOR ASING! JAWA DISERANG...;2026-01-12;10.15;;;;;;;;;;;;;;;;;;;;;;;
AMERIKA INGINKAN LAPINDO! INDONESIA...;2026-01-12;16.15;;;;;;;;;;;;;;;;;;;;;;;
FILIPINA BANGGA PAMERKAN... (Shorts);2026-01-12;17.01;;;;;;;;;;;;;;;;;;;;;;;
MALAYSIA & ASEAN GEMPAR! 2027 INDONESIA...;2026-01-12;18.30;;;;;;;;;;;;;;;;;;;;;;;
MALAYSIA SYOK! BANGLA JATUH CINTA...;2026-01-13;07.30;;;;;;;;;;;;;;;;;;;;;;;
ORANG INDIA SYOK LIAT KAROSERI...;2026-01-13;10.30;;;;;;;;;;;;;;;;;;;;;;;
THAILAND KEPINCUT KERETA CEPAT RI!...;2026-01-13;13.15;;;;;;;;;;;;;;;;;;;;;;;
MEDIA MALAYSIA PANIK! INDONESIA RESMI...;2026-01-13;16.15;;;;;;;;;;;;;;;;;;;;;;;
GEMPAR! MALAYSIA DESAK INDONESIA...;2026-01-13;18.19;;;;;;;;;;;;;;;;;;;;;;;
JIRAN TERPAKSA BELI SENJATA BUATAN...;2026-01-13;20.15;;;;;;;;;;;;;;;;;;;;;;;
SINGAPURA MENJERIT! RIBUAN TAIPAN...;2026-01-14;08.15;;;;;;;;;;;;;;;;;;;;;;;
BERAS PAPUA SIAP KUASAI PASAR...;2026-01-14;11.30;;;;;;;;;;;;;;;;;;;;;;;
AUSTRALIA PANIK! BERANI USIK PAPUA...;2026-01-14;15.15;;;;;;;;;;;;;;;;;;;;;;;
JIRAN TERPAKSA BELI SENJATA... (Shorts);2026-01-14;17.01;;;;;;;;;;;;;;;;;;;;;;;
AUSTRALIA TERBUNGKAM! TNI AU KERAHKAN...;2026-01-14;19.15;;;;;;;;;;;;;;;;;;;;;;;
JANGAN MAIN-MAIN! RAFALE RI TIBA...;2026-01-15;07.15;;;;;;;;;;;;;;;;;;;;;;;
PRABOWO NGAMUK! 4 WNI DICULIK...;2026-01-15;10.15;;;;;;;;;;;;;;;;;;;;;;;
RI PUNYA SENJATA BARU! LAPINDO JADI...;2026-01-15;13.15;;;;;;;;;;;;;;;;;;;;;;;
MALAYSIA TERPERANGAH! BOMBER NUKLIR...;2026-01-15;18.30;;;;;;;;;;;;;;;;;;;;;;;
MALAYSIA TERPERANGAH! PASUKAN GARUDA...;2026-01-15;20.30;;;;;;;;;;;;;;;;;;;;;;;
PAKISTAN GABUNG INDONESIA! RI BORONG...;2026-01-16;07.30;;;;;;;;;;;;;;;;;;;;;;;
GEGERKAN ASEAN! STRATEGI CERDAS RI...;2026-01-16;10.15;;;;;;;;;;;;;;;;;;;;;;;
AMERIKA MAIN ANCAM! PAKSA RI BELI...;2026-01-16;13.15;;;;;;;;;;;;;;;;;;;;;;;
INDONESIA GABUNGKAN RUDAL ATMACA...;2026-01-16;18.15;;;;;;;;;;;;;;;;;;;;;;;
BEDA KELAS! INDONESIA USIR PAKSA CHINA...;2026-01-16;20.15;;;;;;;;;;;;;;;;;;;;;;;
EROPA KAGUM! INDONESIA UBAH LAUT...;2026-01-17;09.15;;;;;;;;;;;;;;;;;;;;;;;
FILIPINA BIDIK KF-21 BORAMAE...;2026-01-17;11.30;;;;;;;;;;;;;;;;;;;;;;;
MALAYSIA GAGAL UNTUNG BESAR!...;2026-01-17;16.15;;;;;;;;;;;;;;;;;;;;;;;
MALAYSIA TERPERANGAH! PASUKAN... (Shorts);2026-01-17;17.00;;;;;;;;;;;;;;;;;;;;;;;
WARGA MALAYSIA NGAMUK! OGAH BERNASIB...;2026-01-17;19.30;;;;;;;;;;;;;;;;;;;;;;;
MALAYSIA MEMANAS! SABAH ANCAM LEPAS...;2026-01-18;09.15;;;;;;;;;;;;;;;;;;;;;;;
KOMIKA DUNIA SINDIR SLOGAN JIRAN...;2026-01-18;11.30;;;;;;;;;;;;;;;;;;;;;;;
"HEBOH! INDONESIA BANGUN PASAR GRATIS""...""";2026-01-18;15.15;;;;;;;;;;;;;;;;;;;;;;;
WARGA MALAYSIA NGAMUK! OGAH... (Shorts);2026-01-18;17.01;;;;;;;;;;;;;;;;;;;;;;;
BEDA KELAS! PRAJURIT KODAERAL VII...;2026-01-18;19.15;;;;;;;;;;;;;;;;;;;;;;;
MALAYSIA KELABAKAN! INDONESIA STOP...;2026-01-19;09.15;;;;;;;;;;;;;;;;;;;;;;;
GEGERKAN ASEAN! RAFALE RI BISA...;2026-01-19;11.30;;;;;;;;;;;;;;;;;;;;;;;
INDONESIA RESMI JADI PRESIDEN HAM...;2026-01-19;12.30;;;;;;;;;;;;;;;;;;;;;;;
MALAYSIA SYOK! AUSTRALIA AKUI...;2026-01-19;16.15;;;;;;;;;;;;;;;;;;;;;;;
JALUR TIKUS DIBONGKAR! INTELIJEN TNI...;2026-01-19;21.00;;;;;;;;;;;;;;;;;;;;;;;
SIBUK CAMPUR TANGAN ACEH & PAPUA...;2026-01-20;07.15;;;;;;;;;;;;;;;;;;;;;;;
PRABOWO TEMUI RAJA CHARLES III...;2026-01-20;12.30;;;;;;;;;;;;;;;;;;;;;;;
FIJI PAMERKAN BUS CANGGIH BUATAN...;2026-01-20;16.15;;;;;;;;;;;;;;;;;;;;;;;
GEGERKAN ASEAN! RAFALE RI... (Shorts);2026-01-20;17.01;;;;;;;;;;;;;;;;;;;;;;;
MENCEKAM! PRABOWO NGAMUK 9 ABK DICULIK...;2026-01-21;07.15;;;;;;;;;;;;;;;;;;;;;;;
PENGARUH BHS INDONESIA JADI ANCAMAN!...;2026-01-21;13.15;;;;;;;;;;;;;;;;;;;;;;;
ARAB SAUDI PAMERKAN BUS SR3 BUATAN RI...;2026-01-21;16.15;;;;;;;;;;;;;;;;;;;;;;;
DRONE SCANEAGLE TNI BISA LIHAT DALAM GELAP...;2026-01-21;18.15;;;;;;;;;;;;;;;;;;;;;;;
GEMPAR! TNI AL KEPUNG AMBALAT...;2026-01-22;08.30;;;;;;;;;;;;;;;;;;;;;;;
MALAYSIA & TRUMP MURKA! PRABOWO DIAM-DIAM...;2026-01-22;13.15;;;;;;;;;;;;;;;;;;;;;;;
GEGER! JET TEMPUR RAFALE TNI AU TIBA...;2026-01-22;16.15;;;;;;;;;;;;;;;;;;;;;;;
GEGER! ADA UPAYA GANGGU RI... (Shorts);2026-01-22;17.00;;;;;;;;;;;;;;;;;;;;;;;
MALAYSIA BAWA INDONESIA RAJA MALAYSIA...;2026-01-22;19.15;;;;;;;;;;;;;;;;;;;;;;;
RIBUAN WARGA SINGAPURA SERBU BATAM!...;2026-01-23;07.15;;;;;;;;;;;;;;;;;;;;;;;
KARMA! MALAYSIA MENANGIS KEHILANGAN TKI...;2026-01-23;10.15;;;;;;;;;;;;;;;;;;;;;;;
TNI AL & BAKAMLA SKAKMAT KAPAL CINA...;2026-01-23;13.15;;;;;;;;;;;;;;;;;;;;;;;
PRABOWO & TRUMP BERSATU DI DAVOS...;2026-01-23;16.15;;;;;;;;;;;;;;;;;;;;;;;
MENCEKAM! PENYELUNDUP MALAYSIA DISIKAT...;2026-01-23;19.15;;;;;;;;;;;;;;;;;;;;;;;
NGERI! PRABOWO BAWA PULANG RP90 TRILIUN...;2026-01-24;07.15;;;;;;;;;;;;;;;;;;;;;;;
MALAYSIA HEBOH NEGARANYA TAK DIUNDANG...;2026-01-24;13.15;;;;;;;;;;;;;;;;;;;;;;;
MALAYSIA HEBOH! BANGLADESH PILIH KERETA...;2026-01-24;15.15;;;;;;;;;;;;;;;;;;;;;;;
MALAYSIA BAWA INDONESIA RAJA... (Shorts);2026-01-24;17.00;;;;;;;;;;;;;;;;;;;;;;;
MAKIN BARBAR! MALAYSIA CAPLOK TIGA DESA...;2026-01-24;18.15;;;;;;;;;;;;;;;;;;;;;;;
GEMPAR! SBY & PRABOWO PERINGATKAN...;2026-01-24;20.15;;;;;;;;;;;;;;;;;;;;;;;
RINGGIT MALAYSIA DITOLAK DUNIA!...;2026-01-25;07.15;;;;;;;;;;;;;;;;;;;;;;;
TERUNGKAP! PILIH INDONESIA ATAU TIMOR LESTE?...;2026-01-25;10.15;;;;;;;;;;;;;;;;;;;;;;;
WARGA MALAYSIA SYOK LIHAT JAKARTA...;2026-01-25;13.15;;;;;;;;;;;;;;;;;;;;;;;
INDONESIA GANDENG QATAR TEKEN RP38 T...;2026-01-25;18.30;;;;;;;;;;;;;;;;;;;;;;;
MALAYSIA KETERGANTUNGAN PEKERJA ASING‼️...;2026-01-26;16.15;;;;;;;;;;;;;;;;;;;;;;;
GEMPAR! SBY & PRABOWO PERINGATKAN... (Shorts);2026-01-26;18.00;;;;;;;;;;;;;;;;;;;;;;;
INDONESIA TAK BUTUH IMPOR LAGI!...;2026-01-26;18.15;;;;;;;;;;;;;;;;;;;;;;;
MALAYSIA WAS WAS! INDONESIA BANGUN 4 FREGAT...;2026-01-26;20.30;;;;;;;;;;;;;;;;;;;;;;;
PRIA BANGLA JADI PRIMADONA WANITA MELAYU...;2026-01-27;07.15;;;;;;;;;;;;;;;;;;;;;;;
INDONESIA JADI PENYELAMAT AFRIKA...;2026-01-27;13.15;;;;;;;;;;;;;;;;;;;;;;;
SOK HINA & RENDAHKAN INDONESIA...;2026-01-27;16.15;;;;;;;;;;;;;;;;;;;;;;;
GEGER! WARGA PERBATASAN MALAYSIA...;2026-01-27;18.30;;;;;;;;;;;;;;;;;;;;;;;
PARAH‼️ MALAYSIA BERANI PERMAINKAN RI...;2026-01-27;23.34;;;;;;;;;;;;;;;;;;;;;;;
GEGER! PO BUS INDIA BANGGA PAMERKAN BUS...;2026-01-28;07.15;;;;;;;;;;;;;;;;;;;;;;;
MALAYSIA & NATO BUNGKAM! DULU HINA TANK...;2026-01-28;10.15;;;;;;;;;;;;;;;;;;;;;;;
MALAYSIA WAS WAS! BANGUN 4 FREGAT... (Shorts);2026-01-28;17.00;;;;;;;;;;;;;;;;;;;;;;;
JIRAN INGINKAN INDONESIA BANGKRUT!...;2026-01-28;18.15;;;;;;;;;;;;;;;;;;;;;;;
ARSITEK PRANCIS DIBIKIN MELONGO!...;2026-01-28;20.15;;;;;;;;;;;;;;;;;;;;;;;
INDIA PAMER SLEEPER BUS BUATAN RI...;2026-01-29;07.15;;;;;;;;;;;;;;;;;;;;;;;
DULU MINTA LEPAS! MIMPI HANCUR...;2026-01-29;10.15;;;;;;;;;;;;;;;;;;;;;;;
MEMANAS! MALAYSIA ANCAM PERANG PRABOWO...;2026-01-29;13.15;;;;;;;;;;;;;;;;;;;;;;;
ARSITEK PRANCIS DIBIKIN... (Shorts);2026-01-29;17.00;;;;;;;;;;;;;;;;;;;;;;;
MALAYSIA BINGUNG! GADAIKAN NEGARA...;2026-01-29;18.15;;;;;;;;;;;;;;;;;;;;;;;
TERANCAM GELAP! PRABOWO CABUT LISTRIK...;2026-01-29;20.15;;;;;;;;;;;;;;;;;;;;;;;
PRABOWO MURKA! ANCAM AUSTRALIA...;2026-01-30;07.15;;;;;;;;;;;;;;;;;;;;;;;
ISRAEL TAK TERIMA‼️ PRABOWO KERAHKAN TNI...;2026-01-30;10.15;;;;;;;;;;;;;;;;;;;;;;;
MEMANAS‼️ TNI HADANG KAPAL MALAYSIA...;2026-01-30;13.15;;;;;;;;;;;;;;;;;;;;;;;
BORONG 2 LUSIN JET TEMPUR ITALIA...;2026-01-30;16.15;;;;;;;;;;;;;;;;;;;;;;;
TERANCAM GELAP! PRABOWO CABUT... (Shorts);2026-01-30;17.01;;;;;;;;;;;;;;;;;;;;;;;
JENDERAL OPM TANTANG PRABOWO‼️...;2026-01-30;18.15;;;;;;;;;;;;;;;;;;;;;;;
MALAYSIA NYINYIR! BATAM JADI PRIMADONA...;2026-02-01;07.15;;;;;;;;;;;;;;;;;;;;;;;
PARLEMEN MEMANAS, SABAH & SARAWAK ANCAM LEPAS...;2026-02-01;10.15;;;;;;;;;;;;;;;;;;;;;;;
TURIS MALAYSIA GEMETAR LIHAT JAKARTA DIKIRA DUBAI...;2026-02-01;13.15;;;;;;;;;;;;;;;;;;;;;;;
NGEMIS INGIN GABUNG INDONESIA! INILAH PERBANDINGAN...;2026-02-01;16.15;;;;;;;;;;;;;;;;;;;;;;;
MALAYSIA KLAIM JADI PENYELAMAT WHOOSH... (Shorts);2026-02-01;17.00;;;;;;;;;;;;;;;;;;;;;;;
KAPAL-KAPAL MALAYSIA DITENGGELAMKAN DI AMBALAT!...;2026-02-01;18.15;;;;;;;;;;;;;;;;;;;;;;;
PUTIN BEKINGI PRABOWO BANGUN KAPAL INDUK...;2026-02-01;20.15;;;;;;;;;;;;;;;;;;;;;;;
BARU DIPAMERKAN AUTO KEPINCUT! ARAB SAUDI BORONG...;2026-02-02;07.15;;;;;;;;;;;;;;;;;;;;;;;
TIMOR LESTE & AUSTRALIA TINGGALKAN BAHASA MELAYU...;2026-02-02;13.15;;;;;;;;;;;;;;;;;;;;;;;
INDONESIA-RUSIA BANGUN ALIANSI MILITER & NUKLIR!...;2026-02-02;16.15;;;;;;;;;;;;;;;;;;;;;;;
PUTIN BEKINGI PRABOWO BANGUN KAPAL INDUK... (Shorts);2026-02-02;17.15;;;;;;;;;;;;;;;;;;;;;;;
BAK BUMI DAN LANGIT! KEKUATAN MILITER RI...;2026-02-02;18.15;;;;;;;;;;;;;;;;;;;;;;;
SAAT WARGA ASING LAIN DIUSIR & DIDEMO...;2026-02-02;20.15;;;;;;;;;;;;;;;;;;;;;;;
RUDAL KHAN TNI BIDIK SABAH & TAWAU‼️...;2026-02-03;08.15;;;;;;;;;;;;;;;;;;;;;;;
KURANG AJAR‼️ TIMOR LESTE DUKUNG REFERENDUM...;2026-02-03;11.15;;;;;;;;;;;;;;;;;;;;;;;
SINGAPURA MARAH BESAR! KAPAL VIETNAM TOLAK...;2026-02-03;13.15;;;;;;;;;;;;;;;;;;;;;;;
MALAYSIA PUSING! WARGA PERBATASAN INGINKAN...;2026-02-03;16.15;;;;;;;;;;;;;;;;;;;;;;;
SAAT WARGA ASING LAIN DIUSIR & DIDEMO... (Shorts);2026-02-03;17.30;;;;;;;;;;;;;;;;;;;;;;;
KURANG AJAR‼️ MALAYSIA DESAK INDONESIA TAMPUNG...;2026-02-03;18.15;;;;;;;;;;;;;;;;;;;;;;;
BIKIN HEBOH‼️ THAILAND TAK TAHAN LAGI MILIKI BUS RI...;2026-02-03;20.15;;;;;;;;;;;;;;;;;;;;;;;
MALAYSIA BUBAR? RAKYAT SABAH-SARAWAK MUAK...;2026-02-04;07.15;;;;;;;;;;;;;;;;;;;;;;;
ESTONIA GABUNG INDONESIA, SINDIKAT GELAP...;2026-02-04;10.15;;;;;;;;;;;;;;;;;;;;;;;
MALAYSIA NGEMIS INDONESIA MINTA TAMPUNG...;2026-02-04;13.15;;;;;;;;;;;;;;;;;;;;;;;
GEGERKAN ASEAN‼️ INDONESIA RESMI JADI RAJA BATERAI...;2026-02-04;16.30;;;;;;;;;;;;;;;;;;;;;;;
BIKIN HEBOH‼️ THAILAND TAK TAHAN LAGI... (Shorts);2026-02-04;17.01;;;;;;;;;;;;;;;;;;;;;;;
GEMPAR! TENTARA MALAYSIA PAMER F-35...;2026-02-04;18.15;;;;;;;;;;;;;;;;;;;;;;;
NEGARA PALING TAK TAU DIRI! MINTA MERDEKA...;2026-02-04;20.15;;;;;;;;;;;;;;;;;;;;;;;
JANGAN NGAKAK! DIKLAIM MALAYSIA, INILAH...;2026-02-05;07.30;;;;;;;;;;;;;;;;;;;;;;;
HEBOH! PURBAYA NGAMUK! DICECAR & DIJATUHKAN...;2026-02-05;10.30;;;;;;;;;;;;;;;;;;;;;;;
HEBOH! INDIA JIPLAK BUS INDONESIA...;2026-02-05;13.15;;;;;;;;;;;;;;;;;;;;;;;
MEMANAS! MALAYSIA PANIK BESAR SABAH SARAWAK...;2026-02-05;16.15;;;;;;;;;;;;;;;;;;;;;;;
KURANG AJAR! AUSTRALIA USIK PULAU PASIR...;2026-02-05;18.15;;;;;;;;;;;;;;;;;;;;;;;
PROJECT GILA PRABOWO RP 1300 T, BIKIN JIRAN ASEAN MELONGO;2026-02-06;07.15;;;;;;;;;;;;;;;;;;;;;;;
MALAYSIA PANIK AKIBAT CARI GARA-GARA... ;2026-02-06;13.15;;;;;;;;;;;;;;;;;;;;;;;
JIRAN GELISAH! SIMULASI PERANG BESAR-BESARAN... ;2026-02-06;16.15;;;;;;;;;;;;;;;;;;;;;;;
NEGARA PALING TAK TAU DIRI! (Shorts);2026-02-06;17.01;;;;;;;;;;;;;;;;;;;;;;;
TNI TAKLUKKAN LEBANON, MALAYSIA SYOK... ;2026-02-06;18.30;;;;;;;;;;;;;;;;;;;;;;;
MALAYSIA GAGAL NIRU! PTDI GANDENG HONEYWELL... ;2026-02-06;20.15;;;;;;;;;;;;;;;;;;;;;;;
MEDIA ASING HEBOH! RAFALE RI SIAP DUEL DI UDARA...;2026-02-07;07.30;;;;;;;;;;;;;;;;;;;;;;;
DPR MALAYSIA RICUH! PM ANWAR SERAHKAN WILAYAH...;2026-02-07;13.15;;;;;;;;;;;;;;;;;;;;;;;
THAILAND BUNGKAM NETIZEN MALAYSIA...;2026-02-07;16.15;;;;;;;;;;;;;;;;;;;;;;;
MALAYSIA GAGAL NIRU! PTDI GANDENG... (Shorts);2026-02-07;17.00;;;;;;;;;;;;;;;;;;;;;;;
TIMOR LESTE MENYESAL DIBODOHI AUSTRALIA...;2026-02-07;19.00;;;;;;;;;;;;;;;;;;;;;;;
PRABOWO MURKA! TNI KEPUNG PERBATASAN...;2026-02-08;07.15;;;;;;;;;;;;;;;;;;;;;;;
RI BANGUN MEGAPORT TERBESAR DI SELAT MALAKA...;2026-02-08;11.30;;;;;;;;;;;;;;;;;;;;;;;
TIMOR LESTE MENYESAL DIBODOHI... (Shorts);2026-02-08;17.15;;;;;;;;;;;;;;;;;;;;;;;
SERBIA GABUNG INDONESIA, MARINIR TNI AL...;2026-02-08;18.15;;;;;;;;;;;;;;;;;;;;;;;
DUEL MAUT ASEAN! M-346 RI VS FA-50 MALAYSIA...;2026-02-08;20.15;;;;;;;;;;;;;;;;;;;;;;;
MALAYSIA GELISAH! INDONESIA-AUSTRALIA BERSATU...;2026-02-09;07.15;;;;;;;;;;;;;;;;;;;;;;;
BATAM BANJIR DUIT! RIBUAN WARGA SINGAPURA...;2026-02-09;09.30;;;;;;;;;;;;;;;;;;;;;;;
MALAYSIA MAKIN NEKAT! PRABOWO TURUN TANGAN...;2026-02-09;14.15;;;;;;;;;;;;;;;;;;;;;;;
DUEL MAUT ASEAN! M-346 RI VS FA-50... (Shorts);2026-02-09;18.15;;;;;;;;;;;;;;;;;;;;;;;
MEMANAS! MALAYSIA NYATAKAN PERANG...;2026-02-09;20.15;;;;;;;;;;;;;;;;;;;;;;;
ANWAR IBRAHIM SERUKAN PERANG LAWAN INDONESIA...;2026-02-10;07.15;;;;;;;;;;;;;;;;;;;;;;;
PRABOWO GERTAK JIRAN! MALAYSIA AUTO KEOK...;2026-02-10;10.15;;;;;;;;;;;;;;;;;;;;;;;
PRABOWO TANTANG ANWAR IBRAHIM! TNI BERSIAP...;2026-02-10;13.15;;;;;;;;;;;;;;;;;;;;;;;
MALAYSIA PANAS! SABAH-SARAWAK NGAMUK!...;2026-02-10;18.30;;;;;;;;;;;;;;;;;;;;;;;
TERANCAM GELAP! SINGAPURA NGEMIS PASOKAN...;2026-02-11;07.15;;;;;;;;;;;;;;;;;;;;;;;
GEGER‼ NETIZEN MALAYSIA HINA INDONESIA...;2026-02-11;10.15;;;;;;;;;;;;;;;;;;;;;;;
MALAYSIA KOCAR-KACIR! PRABOWO SIAGAKAN TNI...;2026-02-11;13.15;;;;;;;;;;;;;;;;;;;;;;;
RUDAL SAJA? JIRAN GANGGU INDONESIA...;2026-02-11;16.15;;;;;;;;;;;;;;;;;;;;;;;
MEMANAS! MALAYSIA NYATAKAN PERANG... (Shorts);2026-02-11;17.00;;;;;;;;;;;;;;;;;;;;;;;
TNI AL AMANKAN RIBUAN TON NIKEL ORE...;2026-02-11;18.15;;;;;;;;;;;;;;;;;;;;;;;
PRIA MALAYSIA NGAMUK! CEWEK MELAYU SUKA BANGLA...;2026-02-11;20.15;;;;;;;;;;;;;;;;;;;;;;;
PM ANWAR IBRAHIM ANCAM KITA BISA BERTARUNG...;2026-02-12;07.30;;;;;;;;;;;;;;;;;;;;;;;
MALAYSIA MAKIN GELISAH! PM SARAWAK SEBUT IKN...;2026-02-12;10.15;;;;;;;;;;;;;;;;;;;;;;;
MALAYSIA TERANCAM KRISIS! PRABOWO TUTUP KRAN...;2026-02-12;13.15;;;;;;;;;;;;;;;;;;;;;;;
PRIA MALAYSIA NGAMUK! CEWEK MELAYU... (Shorts);2026-02-12;17.45;;;;;;;;;;;;;;;;;;;;;;;
TOP MARKOTOP! INDONESIA BANGUN STASIUN...;2026-02-12;18.30;;;;;;;;;;;;;;;;;;;;;;;
PINDAD-ARAB SAUDI BERSATU, MALAYSIA GEMETAR...;2026-02-12;20.15;;;;;;;;;;;;;;;;;;;;;;;
TOP MARKOTOP‼️ INDONESIA BANGUN STASIUN... (Shorts);2026-02-13;05.54;;;;;;;;;;;;;;;;;;;;;;;
MALAYSIA TERKEJUT! RINGGIT DITOLAK DUNIA...;2026-02-13;07.30;;;;;;;;;;;;;;;;;;;;;;;
WARGA JIRAN BERONTAK KIBARKAN BENDERA...;2026-02-13;10.15;;;;;;;;;;;;;;;;;;;;;;;
MALAYSIA SOK BERANI! PRABOWO KERAHKAN RIBUAN...;2026-02-13;13.15;;;;;;;;;;;;;;;;;;;;;;;
TNI NGAMUK! INDONESIA TEROBOS LANGIT GAZA...;2026-02-13;16.15;;;;;;;;;;;;;;;;;;;;;;;
PINDAD-ARAB SAUDI BERSATU... (Shorts);2026-02-13;17.15;;;;;;;;;;;;;;;;;;;;;;;
DULU MELEDEK, SEKARANG MENIRU‼️ SINGAPURA...;2026-02-13;18.30;;;;;;;;;;;;;;;;;;;;;;;
RI SKAKMAT JIRAN! PRABOWO AKTIFKAN MODE...;2026-02-13;20.15;;;;;;;;;;;;;;;;;;;;;;;
MALAYSI NEKAT KIRIM KAPAL PERANG TUA...;2026-02-14;07.30;;;;;;;;;;;;;;;;;;;;;;;
GEMPAR‼️ MALAYSIA KAMPANYEKAN “TANGKAP JAWA”...;2026-02-14;13.15;;;;;;;;;;;;;;;;;;;;;;;
PERANG RI-MALAYSIA PECAH! EKSTREMIS...;2026-02-14;16.15;;;;;;;;;;;;;;;;;;;;;;;
RI SKAKMAT JIRAN! PRABOWO AKTIFKAN MODE... (Shorts);2026-02-14;17.01;;;;;;;;;;;;;;;;;;;;;;;
KAPAL MALAYSIA KECIL DITERTAWAKAN DUNIA!...;2026-02-14;18.30;;;;;;;;;;;;;;;;;;;;;;;
HINA IQ78 DAN REMEHKAN PRODUK RI...;2026-02-14;20.15;;;;;;;;;;;;;;;;;;;;;;;
TNI BERSIAP PERANG BESAR‼️ KEPUNG BLOK AMBALAT (Shorts);2026-02-15;06.00;;;;;;;;;;;;;;;;;;;;;;;
MALAYSIA RIBUT! HARGA LISTRIK MENCEKIK...;2026-02-15;07.15;;;;;;;;;;;;;;;;;;;;;;;
MALAYSIA CIUT NYALI‼️ RI BANGUN 4 MONSTER LAUT...;2026-02-15;10.15;;;;;;;;;;;;;;;;;;;;;;;
MALAYSIA GELISAH! SARAWAK PILIH INDONESIA...;2026-02-15;14.15;;;;;;;;;;;;;;;;;;;;;;;
MALAYSIA PANIK! TNI AL SIKAT 25 TON TIMAH...;2026-02-15;16.15;;;;;;;;;;;;;;;;;;;;;;;
HINA IQ78 DAN REMEHKAN PRODUK RI... (Shorts);2026-02-15;17.00;;;;;;;;;;;;;;;;;;;;;;;
MALAYSIA TERUS NGOTOT! SUMATRA JADI INCARAN...;2026-02-15;20.15;;;;;;;;;;;;;;;;;;;;;;;
MALAYSIA RIBUT! HARGA LISTRIK MENCEKIK... (Shorts);2026-02-16;06.00;;;;;;;;;;;;;;;;;;;;;;;
DEMI BISA DATANGKAN BANGLA, MALAYSIA TEGA USIR...;2026-02-16;07.15;;;;;;;;;;;;;;;;;;;;;;;
MALAYSIA MEMANAS! MINYAK KAMI, DUITNYA KEMANA?...;2026-02-16;10.15;;;;;;;;;;;;;;;;;;;;;;;
MALAYSIA KALAH PERANG! RI REBUT NUNUKAN & AMBALAT...;2026-02-16;13.15;;;;;;;;;;;;;;;;;;;;;;;
PRABOWO KUASAI ASEAN! AUSTRALIA MERAPAT KE RI...;2026-02-16;16.15;;;;;;;;;;;;;;;;;;;;;;;
MALAYSIA TERUS NGOTOT! SUMATRA JADI INCARAN... (Shorts);2026-02-16;17.01;;;;;;;;;;;;;;;;;;;;;;;
MALAYSIA JEBLOK! RINGGIT NAIK KEDAULATAN DIJUAL?...;2026-02-16;18.15;;;;;;;;;;;;;;;;;;;;;;;
MALAYSIA TERDIAM! PUTIN PILIH PRABOWO, NUKLIR...;2026-02-16;20.15;;;;;;;;;;;;;;;;;;;;;;;
MENGHINA MALAYSIA, NETZ INDONESIA TURUN TANGAN...;2026-02-17;07.15;;;;;;;;;;;;;;;;;;;;;;;
MALAYSIA LAPORKAN RI KE INGGRIS! TAKUT ANCAMAN...;2026-02-17;10.15;;;;;;;;;;;;;;;;;;;;;;;
GEMPARKAN ASEAN! WARGA INDONESIA DIHABISI...;2026-02-17;13.15;;;;;;;;;;;;;;;;;;;;;;;
TIMOR LESTE INGATKAN PAPUA: JANGAN PISAH...;2026-02-17;16.15;;;;;;;;;;;;;;;;;;;;;;;
MALAYSIA TERDIAM! PUTIN PILIH PRABOWO... (Shorts);2026-02-17;17.15;;;;;;;;;;;;;;;;;;;;;;;
SESUMBAR EJEK INDONESIA, KEADAAN TIMOR LESTE...;2026-02-17;18.15;;;;;;;;;;;;;;;;;;;;;;;
KURANG AJAR! SINGAPURA INGIN SEWA BATAM...;2026-02-17;20.15;;;;;;;;;;;;;;;;;;;;;;;
5 WILAYAH MALAYSIA TERANCAM PECAH INGINKAN...;2026-02-18;07.30;;;;;;;;;;;;;;;;;;;;;;;
PM MALAYSIA PUSING! SABAH INGIN GABUNG...;2026-02-18;10.15;;;;;;;;;;;;;;;;;;;;;;;
PRABOWO PERINTAHKAN ANGKAT SENJATA!...;2026-02-18;13.15;;;;;;;;;;;;;;;;;;;;;;;
NEKAT CAPLOK WILAYAH! MALAYSIA KIRIM KAPAL...;2026-02-18;16.15;;;;;;;;;;;;;;;;;;;;;;;
FPDA BELA MALAYSIA! INDONESIA TAK GENTAR...;2026-02-18;19.30;;;;;;;;;;;;;;;;;;;;;;;
RI LAKUKAN SIMULASI PERANG BESAR!...;2026-02-18;04.30;;;;;;;;;;;;;;;;;;;;;;;
JIRAN GEMETAR LIHAT PASUKAN ELIT...;2026-02-19;09.30;;;;;;;;;;;;;;;;;;;;;;;
KOCAK! MALAYSIA KLAIM TENTARA TERKUAT...;2026-02-19;12.30;;;;;;;;;;;;;;;;;;;;;;;
NGAMUK! KANTOR PM ANWAR DI BAKAR MASSA...;2026-02-19;15.30;;;;;;;;;;;;;;;;;;;;;;;
KURANG AJAR! SINGAPURA INGIN SEWA... (Shorts);2026-02-19;17.00;;;;;;;;;;;;;;;;;;;;;;;
MALAYSIA TERLALU BERANI ANCAM PERANG...;2026-02-19;18.00;;;;;;;;;;;;;;;;;;;;;;;
MALAYSIA PANIK! INDONESIA STOP EKSPOR...;2026-02-19;20.30;;;;;;;;;;;;;;;;;;;;;;;
MALAYSIA GEMETAR LIHAT KEDATANGAN KAPAL...;2026-02-20;04.30;;;;;;;;;;;;;;;;;;;;;;;
MALAYSIA HINA RI! 5 NEGARA PENGECUT...;2026-02-20;09.30;;;;;;;;;;;;;;;;;;;;;;;
MALAYSIA KAGET! INDONESIA-VIETNAM BERSATU...;2026-02-20;12.30;;;;;;;;;;;;;;;;;;;;;;;
MURKA! PARA RAJA NUSANTARA BERSATU!...;2026-02-20;15.30;;;;;;;;;;;;;;;;;;;;;;;
MALAYSIA PANIK! INDONESIA STOP EKSPOR... (Shorts);2026-02-20;17.00;;;;;;;;;;;;;;;;;;;;;;;
TERANCAM BUBAR! SINGAPURA GABUNG...;2026-02-20;18.00;;;;;;;;;;;;;;;;;;;;;;;
GEMPAR! PRABOWO PANGGIL SEMUA JENDERAL...;2026-02-20;20.30;;;;;;;;;;;;;;;;;;;;;;;
TAKUT HADAPI INDONESIA SENDIRIAN...;2026-02-21;04.30;;;;;;;;;;;;;;;;;;;;;;;
PRABOWO AKTIFKAN DARURAT MILITER‼️...;2026-02-21;09.30;;;;;;;;;;;;;;;;;;;;;;;
JUTAAN RAKYAT SINGAPURA PINDAH KE BATAM...;2026-02-21;12.30;;;;;;;;;;;;;;;;;;;;;;;
RAKYAT MALAYSIA KAGET INDONESIA BERANI...;2026-02-21;15.15;;;;;;;;;;;;;;;;;;;;;;;
GEMPAR! PRABOWO PANGGIL SEMUA... (Shorts);2026-02-21;17.15;;;;;;;;;;;;;;;;;;;;;;;
GEMPAR! RI PIMPIN 7 NEGARA DI GAZA...;2026-02-21;20.30;;;;;;;;;;;;;;;;;;;;;;;
GOKIL! INDONESIA TAKLUKKAN TARIF 0%...;2026-02-22;04.30;;;;;;;;;;;;;;;;;;;;;;;
ANCAM PERANG INDONESIA! MALAYSIA DIBUAT...;2026-02-22;09.30;;;;;;;;;;;;;;;;;;;;;;;
BERANI GANGGU KEDAULATN RI! MALAYSIA...;2026-02-22;12.30;;;;;;;;;;;;;;;;;;;;;;;
5 NEGARA DEKLARASIKAN PERANG! JIRAN...;2026-02-22;16.30;;;;;;;;;;;;;;;;;;;;;;;
MALAYSIA HERAN !! TRUMP PUJI HABIS-HABISAN...;2026-02-22;18.15;;;;;;;;;;;;;;;;;;;;;;;
SUMUR MINYAK MENGERING TOTAL TIMOR LESTE...;2026-02-23;09.15;;;;;;;;;;;;;;;;;;;;;;;
PRABOWO TABUH GENDERANG PERANG! PM ANWAR...;2026-02-23;15.30;;;;;;;;;;;;;;;;;;;;;;;
GEMPAR! RI PIMPIN 7 NEGARA DI GAZA... (Shorts);2026-02-23;17.15;;;;;;;;;;;;;;;;;;;;;;;
HINA DAN EJEK RUPIAH LEMAH, PRABOWO...;2026-02-23;18.15;;;;;;;;;;;;;;;;;;;;;;;
JIRAN BERKHIANAT! PRABOWO MARAH BESAR...;2026-02-23;20.30;;;;;;;;;;;;;;;;;;;;;;;
HANTU LAUT SIAP BUNGKAM PROVOKASI MALAYSIA!...;2026-02-24;09.30;;;;;;;;;;;;;;;;;;;;;;;
SALAH CARI LAWAN! KORSEL ALAMI BANGKRUT...;2026-02-24;15.30;;;;;;;;;;;;;;;;;;;;;;;
JIRAN BERKHIANAT! PRABOWO MARAH BESAR... (Shorts);2026-02-24;17.10;;;;;;;;;;;;;;;;;;;;;;;
DUEL SENGIT DI LAUT SAWU! KRI DIPONEGORO 365...;2026-02-24;18.15;;;;;;;;;;;;;;;;;;;;;;;
MEDIA ASING HEBOH KRI BUNG TOMO-357 GUNCANG...;2026-02-24;20.30;;;;;;;;;;;;;;;;;;;;;;;
MALAYSIA TAK BERKUTIK‼️ GARIS BATAS DIUTAK-ATIK...;2026-02-25;09.30;;;;;;;;;;;;;;;;;;;;;;;
KARMA CAPLOK WILAYAH RI‼️ THAILAND NGAMUK...;2026-02-25;15.30;;;;;;;;;;;;;;;;;;;;;;;
SEMENAKUTKAN ITUKAH INDONESIA⁉️ 5 NEGARA...;2026-02-26;09.30;;;;;;;;;;;;;;;;;;;;;;;
JALUR NARKOBA MALAYSIA MENGGILA...;2026-02-26;16.15;;;;;;;;;;;;;;;;;;;;;;;
LAGI‼️ FIJI-BANGLADESH BORONG 1000++ BUS...;2026-02-26;18.15;;;;;;;;;;;;;;;;;;;;;;;
MEDIA ASING HEBOH KRI BUNG TOMO-357... (Shorts);2026-02-26;19.01;;;;;;;;;;;;;;;;;;;;;;;
RI GEBER ASEAN! JIRAN TAK BISA TIDUR...;2026-02-26;20.30;;;;;;;;;;;;;;;;;;;;;;;
MALAYSIA MENANGIS‼️ INDONESIA STOP EKSPOR...;2026-02-27;09.30;;;;;;;;;;;;;;;;;;;;;;;
DI AMBANG KIAMAT? Kenapa Negara Arab Gemetar...;2026-02-27;12.30;;;;;;;;;;;;;;;;;;;;;;;
PRABOWO BUNGKAM DUNIA‼️3 NEGARA ASEAN RESMI...;2026-02-27;17.00;;;;;;;;;;;;;;;;;;;;;;;
RI GEBER ASEAN! JIRAN TAK BISA TIDUR... (Shorts);2026-02-27;18.00;;;;;;;;;;;;;;;;;;;;;;;
KRAN GAS DITUTUP‼️ SINGAPURA & MALAYSIA...;2026-02-27;20.30;;;;;;;;;;;;;;;;;;;;;;;
DI AMBANG KIAMAT Kenapa Negara Arab Gemetar;2026-02-28;04.30;;;;;;;;;;;;;;;;;;;;;;;
JET TUA, BIAYA GILA, HASIL NIHIL‼️PERTAHANAN...;2026-02-28;07.30;;;;;;;;;;;;;;;;;;;;;;;
MALAYSIA SOMBONGKAN RINGGIT, TAPI WARGANYA...;2026-02-28;10.15;;;;;;;;;;;;;;;;;;;;;;;
PRABOWO AKAN BUAT INDONESIA SALIP SINGAPURA...;2026-02-28;13.15;;;;;;;;;;;;;;;;;;;;;;;
PAPUA RESMI JADI PUSAT PANGAN DUNIA...;2026-02-28;16.30;;;;;;;;;;;;;;;;;;;;;;;
KRAN GAS DITUTUP‼️ SINGAPURA & MALAYSIA... (Shorts);2026-02-28;17.00;;;;;;;;;;;;;;;;;;;;;;;
MALAYSIA KAGET‼️ INDONESIA BANTU YORDANIA...;2026-02-28;18.15;;;;;;;;;;;;;;;;;;;;;;;
INDONESIA RAJA THORIUM DUNIA‼️ SEMUA PABRIK...;2026-02-28;20.30;;;;;;;;;;;;;;;;;;;;;;;
RUDAL IRAN TARGETKAN BURJ KHALIFA... (Shorts);2026-02-28;03.30;;;;;;;;;;;;;;;;;;;;;;;
MALAYSIA KAGET BESAR! RINGGIT DITOLAK...;2026-03-01;20.30;;;;;;;;;;;;;;;;;;;;;;;
MALAYSIA BERANI CARI PERKARA! ANCAM PRABOWO...;2026-03-01;19.00;;;;;;;;;;;;;;;;;;;;;;;
DPR MALAYSIA SYOK BERAT LIHAT IKN...;2026-03-01;17.30;;;;;;;;;;;;;;;;;;;;;;;
IRAN MAU BOM SAUDI! ARAB MINTA TOLONG...;2026-03-01;13.30;;;;;;;;;;;;;;;;;;;;;;;
JENDERAL MALAYSIA ANCAM TKI! DUNIA KECAM...;2026-03-01;10.15;;;;;;;;;;;;;;;;;;;;;;;
DETIK-DETIK MALAYSIA HANCUR? 70 NEGARA HUJAT...;2026-03-01;07.30;;;;;;;;;;;;;;;;;;;;;;;
MALAYSIA MELONGO! PRABOWO DISAMBUT 7 PENGUASA...;2026-03-02;20.30;;;;;;;;;;;;;;;;;;;;;;;
BUKAN MAIN! RI NEKAT TEROBOS PERANG...;2026-03-02;18.15;;;;;;;;;;;;;;;;;;;;;;;
MALAYSIA MAKIN KURANG AJAR! CURI TIMAH...;2026-03-02;16.00;;;;;;;;;;;;;;;;;;;;;;;
KULINER INDONESIA JAJAH MASTERCHEF DUNIA!...;2026-03-02;13.15;;;;;;;;;;;;;;;;;;;;;;;
SYOK RI NEGARA PALING AMAN! AS SERANG IRAN...;2026-03-02;10.15;;;;;;;;;;;;;;;;;;;;;;;
MALAYSIA RESMI BANGKRUT! RAJA MALAYSIA...;2026-03-02;07.30;;;;;;;;;;;;;;;;;;;;;;;
OPM KOCAR-KACIR‼️ PESAN KERAS BUAT AUSTRALIA...;2026-03-03;20.15;;;;;;;;;;;;;;;;;;;;;;;
RI GUNCANG DUNIA, JET TEMPUR KF-21 BORAMAE...;2026-03-03;16.00;;;;;;;;;;;;;;;;;;;;;;;
MALAYSIA GEMETAR‼️ INDONESIA RESMI BORONG...;2026-03-03;13.15;;;;;;;;;;;;;;;;;;;;;;;
BANGKRUT‼️ EJEK INDONESIA MISKIN...;2026-03-03;10.15;;;;;;;;;;;;;;;;;;;;;;;
MALAYSIA KIAMAT‼️ FILIPINA RESMI CAPLOK SABAH...;2026-03-03;07.15;;;;;;;;;;;;;;;;;;;;;;;
KIBARKAN BENDERA PERANG! RI-MALAYSIA WASPADA...;2026-03-04;21.00;;;;;;;;;;;;;;;;;;;;;;;
HARGA DIRI BANGSA DIINJAK-INJAK MALAYSIA!...;2026-03-04;18.15;;;;;;;;;;;;;;;;;;;;;;;
OPM KOCAR-KACIR‼️ PESAN KERAS BUAT AUSTRALIA... (Shorts);2026-03-04;17.00;;;;;;;;;;;;;;;;;;;;;;;
KARMA AMBALAT NYATA! KINI MALAYSIA MERADANG...;2026-03-04;15.15;;;;;;;;;;;;;;;;;;;;;;;
SERING HINA RI! RAJA MALAYSIA UMUMKAN MALAYSIA BANGKRUT...;2026-03-05;18.15;;;;;;;;;;;;;;;;;;;;;;;
FILIPINA RESMI CAPLOK SABAH‼️ KARMA CAPLOK... (Shorts);2026-03-05;17.01;;;;;;;;;;;;;;;;;;;;;;;
MALAYSIA BANGGA BELI RUDAL NSM-NORWEGIA!...;2026-03-05;16.15;;;;;;;;;;;;;;;;;;;;;;;
20 NEGARA MERINDING! TNI AL KIRIM FREGAT SILUMAN...;2026-03-05;13.15;;;;;;;;;;;;;;;;;;;;;;;
INDONESIA-TURKI RESMI BERSATU! PT DI UBAH CN235...;2026-03-05;10.15;;;;;;;;;;;;;;;;;;;;;;;
MALAYSIA DI AMBANG BUBAR? RAKYAT SABAH-SARAWAK...;2026-03-05;07.15;;;;;;;;;;;;;;;;;;;;;;;
MALAYSIA KLAIM SUKU DAYAK, INILAH 5 SUKU DI INDONESIA...;2026-03-06;18.15;;;;;;;;;;;;;;;;;;;;;;;
BEDA JAUH DENGAN NEGARA ASALNYA! BULE INI JATUH CINTA...;2026-03-06;15.15;;;;;;;;;;;;;;;;;;;;;;;
MEMALUKAN! EJEK DAN HINA RUPIAH LEMAH...;2026-03-06;10.15;;;;;;;;;;;;;;;;;;;;;;;
BUKBER DIPENUHI BANGLADESH! RIBUAN RAKYAT...;2026-03-06;07.15;;;;;;;;;;;;;;;;;;;;;;;
MALAYSIA MULAI GELISAH‼️ IKN 95% JADI...;2026-03-07;21.00;;;;;;;;;;;;;;;;;;;;;;;
KIBARKAN BENDERA PERANG! RI-MALAYSIA... (Shorts);2026-03-07;19.01;;;;;;;;;;;;;;;;;;;;;;;
DUNIA GEMETAR! MEDIA AMERIKA BOCORKAN...;2026-03-07;16.15;;;;;;;;;;;;;;;;;;;;;;;
22 NEGARA SERENTAK DEKLARASIKAN PERANG‼️...;2026-03-07;13.15;;;;;;;;;;;;;;;;;;;;;;;
TIMOR LESTE IRI LIHAT KEMAJUAN PESAT PAPUA‼️...;2026-03-07;10.15;;;;;;;;;;;;;;;;;;;;;;;
MALAYSIA KENA KARMA‼️ DULU EJEK INDONESIA MISKIN...;2026-03-07;07.15;;;;;;;;;;;;;;;;;;;;;;;
MALAYSIA PANIK‼️ INDONESIA BANGKIT DI BORNEO...;2026-03-08;22.00;;;;;;;;;;;;;;;;;;;;;;;
MALAYSIA MULAI GELISAH‼️ IKN 95% JADI... (Shorts);2026-03-08;19.00;;;;;;;;;;;;;;;;;;;;;;;
GEMPAR! RUSIA KIRIM BANTUAN SENYAP KE IRAN...;2026-03-08;16.15;;;;;;;;;;;;;;;;;;;;;;;
ISRAEL MELEDAK! RUDAL 1 TON IRAN RATAKAN...;2026-03-08;13.15;;;;;;;;;;;;;;;;;;;;;;;
ISRAEL TERBAKAR! IRAN LUNCURKAN RUDAL...;2026-03-08;10.15;;;;;;;;;;;;;;;;;;;;;;;
RUSIA KERAKAN PESAWAT NUKLIR...;2026-03-08;07.15;;;;;;;;;;;;;;;;;;;;;;;
ISRAEL TERBAKAR! IRAN LUNCURKAN RUDAL... (Re-upload);2026-03-08;04.41;;;;;;;;;;;;;;;;;;;;;;;
KARMA INSTAN‼️ DULU HINA TKI, SEKARANG WARGA MALAYSIA...;2026-03-09;22.15;;;;;;;;;;;;;;;;;;;;;;;
MALAYSIA PANIK‼️ INDONESIA BANGKIT DI BORNEO... (Shorts);2026-03-09;19.00;;;;;;;;;;;;;;;;;;;;;;;
IRAN NGAMUK‼️ LUNCURKAN 700 RUDAL BALISTIK...;2026-03-09;18.15;;;;;;;;;;;;;;;;;;;;;;;
BAGAIMANA JIKA MALAYSIA NEKAT AJAK PERANG⁉️...;2026-03-09;16.42;;;;;;;;;;;;;;;;;;;;;;;
AS INCAR URANIUM‼️ TRUMP SIAGAKAN PASUKAN...;2026-03-09;13.15;;;;;;;;;;;;;;;;;;;;;;;
IRAN MENGAMUK‼️ SITUS NUKLIR DAN JET TEMPUR...;2026-03-09;10.15;;;;;;;;;;;;;;;;;;;;;;;
TNI SIAGA 1 HADAPI PERANG TIMUR TENGAH!...;2026-03-09;07.15;;;;;;;;;;;;;;;;;;;;;;;
MALAYSIA-SINGAPURA PANIK‼️ SAWIT RI RAJAI AMERIKA...;2026-03-10;07.15;;;;;;;;;;;;;;;;;;;;;;;
BIKIN NGAKAK‼️ MALAYSIA DAFTARKAN BUDAYA SARAPAN PAGI...;2026-03-10;10.15;;;;;;;;;;;;;;;;;;;;;;;
TERBARU‼️ WOW WAJAH BARU MALAYSIA BERUBAH SEKETIKA...;2026-03-10;13.15;;;;;;;;;;;;;;;;;;;;;;;
IRAN DENDAM‼️ PASCA AS-ISRAEL BOM KILANG MINYAK IRAN...;2026-03-11;07.15;;;;;;;;;;;;;;;;;;;;;;;
IRAN GERTAK AS‼️ TRUMP SIAP RATAKAN TEHERAN...;2026-03-11;10.15;;;;;;;;;;;;;;;;;;;;;;;
AMERIKA KESAL! KEWALAHAN TANGKAL RATUSAN RUDAL...;2026-03-11;13.15;;;;;;;;;;;;;;;;;;;;;;;
DPR MALAYSIA KISRUH‼️ SABAH SARAWAK INGIN LEPAS...;2026-03-11;16.15;;;;;;;;;;;;;;;;;;;;;;;
CINDO SURABAYA BIKIN IRI‼️ DI MALAYSIA TAK MAU...;2026-03-11;18.15;;;;;;;;;;;;;;;;;;;;;;;
MALAYSIA-SINGAPURA LUMPUH‼️ SELAT HORMUZ DITUTUP...;2026-03-12;07.15;;;;;;;;;;;;;;;;;;;;;;;
MALAYSIA DIKUASAI ASING‼️ DULU HINA TKI‼️...;2026-03-12;10.15;;;;;;;;;;;;;;;;;;;;;;;
MALAYSIA TERANCAM HANCUR‼️ SABAH-SARAWAH SIAP MERDEKA⁉️...;2026-03-12;13.15;;;;;;;;;;;;;;;;;;;;;;;
MALAYSIA-SINGAPURA GEMETAR! INDONESIA-JEPANG-AMERIKA...;2026-03-12;18.15;;;;;;;;;;;;;;;;;;;;;;;
KARMA INSTAN‼️ DULU HINA TKI, SEKARANG WARGA MALAYSIA... (Shorts);2026-03-12;19.01;;;;;;;;;;;;;;;;;;;;;;;
HEBOH‼️ KECANDUAN PRODUK RI, WARGA MALAYSIA RAMAI-RAMAI...;2026-03-12;20.15;;;;;;;;;;;;;;;;;;;;;;;
MALAYSIA TERKEJUT! HINA IQ78, INDONESIA BANGUN PUSAT SAINS...;2026-03-13;07.15;;;;;;;;;;;;;;;;;;;;;;;
WARGA MEREKA MULAI TINGGALKAN BAHASA SENDIRI...;2026-03-13;10.15;;;;;;;;;;;;;;;;;;;;;;;
MALAYSIA TERSAINGI! KERETA BUATAN INDONESIA...;2026-03-13;13.15;;;;;;;;;;;;;;;;;;;;;;;
MALAYSIA HEBOH! TKI DIUSIR DIHINA, BANGLADESH BANJIRI...;2026-03-13;18.30;;;;;;;;;;;;;;;;;;;;;;;
JET AS TERBAKAR‼️ MARKAS IDF RATA, ISRAEL HANCUR LEBUR...;2026-03-14;07.15;;;;;;;;;;;;;;;;;;;;;;;
HEBOH PULUHAN NEGARA SIAP SERANG INDONESIA...;2026-03-14;10.15;;;;;;;;;;;;;;;;;;;;;;;
TURIS MALAYSIA DIEJEK SAAT NGOMONG BHS MELAYU...;2026-03-14;13.15;;;;;;;;;;;;;;;;;;;;;;;
BOM NUKLIR B52 TERPARKIR DI SINGAPURA‼️ PRABOWO WASPADA‼️...;2026-03-14;16.15;;;;;;;;;;;;;;;;;;;;;;;
KEBOHONGAN ISRAEL TERBONGKAR! MANIPULASI KEMATIAN...;2026-03-14;18.30;;;;;;;;;;;;;;;;;;;;;;;
HEBOH‼️ KECANDUAN PRODUK RI, WARGA MALAYSIA... (Shorts);2026-03-14;19.01;;;;;;;;;;;;;;;;;;;;;;;
NGAKAK KOCAK❗ NETIZEN MALAYSIA KESAL LAGU RAYA SENDIRI...;2026-03-14;20.15;;;;;;;;;;;;;;;;;;;;;;;
NETANYAHU RESMI TEWAS? DIKIRA MASIH ADA TERNYATA AI...;2026-03-15;07.15;;;;;;;;;;;;;;;;;;;;;;;
TITISAN KHAMENEI BANGKIT! KEMUNCULAN MOJTABA...;2026-03-15;10.15;;;;;;;;;;;;;;;;;;;;;;;
2 NEGARA PALING ANGKUH ASEAN RESMI RUNTUH TOTAL!...;2026-03-15;13.15;;;;;;;;;;;;;;;;;;;;;;;
🔴 BREAKING NEWS: RUDAL NUKLIR SEJJIL IRAN RATAKAN... (Live);2026-03-15;14.13;;;;;;;;;;;;;;;;;;;;;;;
JET TEMPUR AS MELEDAK! PELABUHAN TEL AVIV LULUH LANTAK!...;2026-03-15;19.15;;;;;;;;;;;;;;;;;;;;;;;
GEGER! TURIS MALAYSIA SYOK LIHAT JAKARTA MEWAH...;2026-03-16;20.15;;;;;;;;;;;;;;;;;;;;;;;
NGAKAK KOCAK❗ NETIZEN MALAYSIA KESAL... (Shorts);2026-03-16;19.00;;;;;;;;;;;;;;;;;;;;;;;
GEGER! NETANYAHU SEBENARNYA SUDAH MATI...;2026-03-16;18.15;;;;;;;;;;;;;;;;;;;;;;;
NETANYAHU MUSNAH 99,9%! IRAN: BERIKUTNYA TRUMP!...;2026-03-16;16.15;;;;;;;;;;;;;;;;;;;;;;;
🔴 BREAKING NEWS: RUDAL KHEIBAR SHEKAN... (Live);2026-03-16;14.23;;;;;;;;;;;;;;;;;;;;;;;
SINGAPURA NYERAH! RESMI GABUNG NKRI...;2026-03-16;13.15;;;;;;;;;;;;;;;;;;;;;;;
KEMATIAN NETANYAHU DIBONGKAR MEDIA BARAT!...;2026-03-16;10.15;;;;;;;;;;;;;;;;;;;;;;;
SIANG MALAM ISRAEL DIGEMPUR TANPA AMPUN!...;2026-03-16;07.15;;;;;;;;;;;;;;;;;;;;;;;
SINGAPURA TANTANG PERANG INDONESIA!...;2026-03-17;16.15;;;;;;;;;;;;;;;;;;;;;;;
TRUMP MINTA AMPUN! RATUSAN PANGKALAN AS HANCUR...;2026-03-17;13.15;;;;;;;;;;;;;;;;;;;;;;;
SATU KELUARGA TERANCAM LENYAP! MILITER IRAN...;2026-03-17;10.15;;;;;;;;;;;;;;;;;;;;;;;
GEGER! MALAYSIA-SINGAPURA KETAKUTAN!...;2026-03-17;07.15;;;;;;;;;;;;;;;;;;;;;;;
🔴 BREAKING NEWS: DINASTI NETANYAHU... (Live);2026-03-17;04.18;;;;;;;;;;;;;;;;;;;;;;;
AMERIKA DIAMBANG KEHANCURAN! 15 RIBU TENTARA TEWAS...;2026-03-18;20.15;;;;;;;;;;;;;;;;;;;;;;;
GEGER! TURIS MALAYSIA SYOK LIHAT JAKARTA... (Shorts);2026-03-18;18.30;;;;;;;;;;;;;;;;;;;;;;;
TRUMP NGEMIS KE RUSIA! PUTIN TOLAK MENTAH-MENTAH...;2026-03-18;17.00;;;;;;;;;;;;;;;;;;;;;;;
JENDERAL ISRAEL MENYUSUL NETANYAHU... ;2026-03-18;13.15;;;;;;;;;;;;;;;;;;;;;;;
SINGAPURA MERADANG‼️ PRABOWO KERAHKAN ARMADA...;2026-03-18;10.15;;;;;;;;;;;;;;;;;;;;;;;
🔴 BREAKING NEWS: DRONE SHAHED IRAN... (Live);2026-03-18;10.19;;;;;;;;;;;;;;;;;;;;;;;
AS-ISRAEL TERPOJOK‼️ KORUT, CHINA, RUSIA GABUNG...;2026-03-18;07.15;;;;;;;;;;;;;;;;;;;;;;;
AUSTRALIA-EROPA BERSATU TAMPAR WAJAH TRUMP...;2026-03-19;07.15;;;;;;;;;;;;;;;;;;;;;;;
SINGAPUR-MALAYSIA ZONK! RI PUTUS RANTAI MAKELAR...;2026-03-19;10.15;;;;;;;;;;;;;;;;;;;;;;;
GEMPAR! JURNALIS INDIA BONGKAR LOKASI JASAD...;2026-03-19;13.15;;;;;;;;;;;;;;;;;;;;;;;
VIRAL! WARGA ISRAEL RAMAI-RAMAI KABUR KE INDO...;2026-03-19;16.15;;;;;;;;;;;;;;;;;;;;;;;
🔴 BREAKING NEWS: AMERIKA NYERAH TENTARANYA KABUR! (Live);2026-03-19;16.56;;;;;;;;;;;;;;;;;;;;;;;
MALAYSIA MELONGO! INDONESIA EKSPOR BERAS...;2026-03-20;07.15;;;;;;;;;;;;;;;;;;;;;;;
MERAUKE BIKIN DUNIA GEMPAR! BERAS MERAUKE...;2026-03-20;10.15;;;;;;;;;;;;;;;;;;;;;;;
NETANYAHU TERPANGGANG! ISRAEL PANIK TOTAL...;2026-03-20;13.15;;;;;;;;;;;;;;;;;;;;;;;
HEBOH! WARGA MALAYSIA RELA ANTRI BERJAM-JAM...;2026-03-20;16.15;;;;;;;;;;;;;;;;;;;;;;;
TRUMP NANGIS MINTA AMPUN! RATUSAN TENTARA AS...;2026-03-20;18.15;;;;;;;;;;;;;;;;;;;;;;;
AMERIKA DIAMBANG KEHANCURAN! (Shorts);2026-03-20;19.01;;;;;;;;;;;;;;;;;;;;;;;
TRUMP MURKA AKAN MEMBOM NUKLIR IRAN!...;2026-03-20;20.15;;;;;;;;;;;;;;;;;;;;;;;
BOROK TRUMP DIBONGKAR PEJABATNYA SENDIRI!...;2026-03-21;07.15;;;;;;;;;;;;;;;;;;;;;;;
MENCEKAM! RIBUAN WARGA ISRAEL GILA MASSAL!...;2026-03-21;10.15;;;;;;;;;;;;;;;;;;;;;;;
HEBOH! WARGA IRAN TAK MENYANGKA...;2026-03-21;13.15;;;;;;;;;;;;;;;;;;;;;;;
RUSIA-INDONESIA MAKIN SOLID!...;2026-03-21;16.15;;;;;;;;;;;;;;;;;;;;;;;
BIADAB! ISRAEL HUJANI GRANAT WARGA PALESTINA...;2026-03-22;07.15;;;;;;;;;;;;;;;;;;;;;;;
IRAN BOM KAPAL INDUK AS TRUMP NGEMIS...;2026-03-22;10.15;;;;;;;;;;;;;;;;;;;;;;;
AMERIKA HANCUR LEBUR! TRUMP KETAKUTAN...;2026-03-22;13.15;;;;;;;;;;;;;;;;;;;;;;;
HEBOH! WNI TUNJUKKAN LOKASI PERSEMBUNYIAN...;2026-03-22;16.15;;;;;;;;;;;;;;;;;;;;;;;
MALAYSIA PUSING! KRISIS PANGAN SAMPAI NGEMIS...;2026-03-22;19.15;;;;;;;;;;;;;;;;;;;;;;;
TAK MAMPU HIDUP DI NEGARANYA, WARGA SINGAPURA...;2026-03-23;07.15;;;;;;;;;;;;;;;;;;;;;;;
SEMUA AMUNISI AS-ISRAEL HABIS! TRUMP MOHON AMPUN...;2026-03-23;10.15;;;;;;;;;;;;;;;;;;;;;;;
NATO-EROPA MELAWAN AS, BELA IRAN!...;2026-03-23;12.15;;;;;;;;;;;;;;;;;;;;;;;
DIHANTAM RUDAL 20 TON IRAN, PETINGGI ISRAEL MEWEK...;2026-03-23;16.15;;;;;;;;;;;;;;;;;;;;;;;
IRAN ULTIMATUM ISRAEL! PILIH MATI ATAU SELAMAT?...;2026-03-23;19.15;;;;;;;;;;;;;;;;;;;;;;;
PUTIN BIKIN AS-NATO-EROPA GEMETAR KETAKUTAN?...;2026-03-24;07.15;;;;;;;;;;;;;;;;;;;;;;;
TRUMP GEMETAR! AKUI DRONE SHAHED IRAN...;2026-03-24;10.15;;;;;;;;;;;;;;;;;;;;;;;
MUSTAHIL KALAH! IRAN BENTENG TERAKHIR MUSLIM...;2026-03-24;13.15;;;;;;;;;;;;;;;;;;;;;;;
RUSIA-CHINA BANTU IRAN HANCURKAN AS!...;2026-03-24;16.15;;;;;;;;;;;;;;;;;;;;;;;
HEBOH! GARA-GARA INDONESIA MALAYSIA BERUBAH...;2026-03-24;19.15;;;;;;;;;;;;;;;;;;;;;;;
GEMPAR! 400 RUDAL IRAN LEDAKKAN NUKLIR ISRAEL!...;2026-03-25;07.15;;;;;;;;;;;;;;;;;;;;;;;
BIKIN HEBOH! DPR MALAYSIA CEMAS!...;2026-03-25;10.15;;;;;;;;;;;;;;;;;;;;;;;
GAK ADA KATA AMPUN! IRAN MULAI BERANI PAKAI NUKLIR!...;2026-03-25;13.15;;;;;;;;;;;;;;;;;;;;;;;
HEBOH! NAMA MALAYDESH MAKIN MENDUNIA!...;2026-03-25;16.15;;;;;;;;;;;;;;;;;;;;;;;
MALAYSIA TAK TERIMA! BAHASA INDONESIA DIRESMIKAN...;2026-03-25;19.15;;;;;;;;;;;;;;;;;;;;;;;
MEMALUKAN! MALAYSIA DI DEMO TKI DAN BANGLADESH...;2026-03-26;07.15;;;;;;;;;;;;;;;;;;;;;;;
GEMPAR! KIM JONG-UN PIMPIN PERANG IRAN...;2026-03-26;10.15;;;;;;;;;;;;;;;;;;;;;;;
GEMPAR! 10 BANK AMERIKA JADI ABU DIHAJAR IRAN...;2026-03-26;13.15;;;;;;;;;;;;;;;;;;;;;;;
AMERIKA RESMI TARIK MUNDUR PULUHAN RIBU PASUKAN...;2026-03-26;16.15;;;;;;;;;;;;;;;;;;;;;;;
AS KEWALAHAN TRUMP NGEMIS MINTA STOP PERANG IRAN‼️...;2026-03-26;18.15;;;;;;;;;;;;;;;;;;;;;;;
FILIPINA COLLAPSE, MALAYSIA NANGIS‼️...;2026-03-26;20.15;;;;;;;;;;;;;;;;;;;;;;;
HEBOH! 500 JUTA BURUNG GAGAK BANTU IRAN RATAKAN...;2026-03-27;07.30;;;;;;;;;;;;;;;;;;;;;;;
AMERIKA TERJEPIT! MAKIN BANYAK PETINGGI AS...;2026-03-27;10.15;;;;;;;;;;;;;;;;;;;;;;;
MALAYSIA DITELAN BANGLADESH! KRISIS IDENTITAS...;2026-03-27;13.15;;;;;;;;;;;;;;;;;;;;;;;
AMERIKA NGEMIS MINTA DAMAI KE IRAN‼️...;2026-03-27;16.15;;;;;;;;;;;;;;;;;;;;;;;
NIAT HATI PROMOSI BAHASA MELAYU...;2026-03-27;18.15;;;;;;;;;;;;;;;;;;;;;;;
MALAYSIA MEMANAS‼️ SIAPA PEMILIK ASLI⁉️...;2026-03-27;20.15;;;;;;;;;;;;;;;;;;;;;;;
MEMALUKAN! MALAYSIA DI DEMO... (Shorts);2026-03-27;20.53;;;;;;;;;;;;;;;;;;;;;;;
PAKISTAN-KORUT-TURKI BANTU IRAN! ISRAEL-AS...;2026-03-28;07.30;;;;;;;;;;;;;;;;;;;;;;;
AS KEWALAHAN! MEDIA MENGULITI TRUMP...;2026-03-28;10.15;;;;;;;;;;;;;;;;;;;;;;;
AS NANGIS! PULUHAN JET TEMPUR & HELIKOPTER...;2026-03-28;13.15;;;;;;;;;;;;;;;;;;;;;;;
JIRAN MELONGO‼️ ITALIA PILIH INDONESIA...;2026-03-28;16.15;;;;;;;;;;;;;;;;;;;;;;;
HAYOO MAU KABUR KEMANA LAGI‼️ GAK ADA TEMPAT...;2026-03-28;18.15;;;;;;;;;;;;;;;;;;;;;;;
GEMPAR‼️ AMERIKA KEHABISAN RUDAL...;2026-03-29;07.15;;;;;;;;;;;;;;;;;;;;;;;
PARAH! RAKYAT MALAYSIA BERTERIAK!...;2026-03-29;11.30;;;;;;;;;;;;;;;;;;;;;;;
PASUKAN AS KALAH TELAK! KAPAL TEMPUR...;2026-03-29;13.15;;;;;;;;;;;;;;;;;;;;;;;
NGERI! RATUSAN MAYAT BERSERAKAN DI ISRAEL...;2026-03-29;16.15;;;;;;;;;;;;;;;;;;;;;;;
AS KEWALAHAN TRUMP NGEMIS MINTA STOP... (Shorts);2026-03-29;17.00;;;;;;;;;;;;;;;;;;;;;;;
TRUMP KENA PRANK! PRABOWO BERHASIL AMANKAN...;2026-03-29;18.15;;;;;;;;;;;;;;;;;;;;;;;
DETIK-DETIK RUNTUHNYA DOLLAR AS!...;2026-03-29;20.15;;;;;;;;;;;;;;;;;;;;;;;
SATU JUTA PASUKAN IRAN TURUN PERANG‼️...;2026-03-30;07.15;;;;;;;;;;;;;;;;;;;;;;;
50 RIBU PASUKAN AS LENYAP! AS PANIK...;2026-03-30;13.15;;;;;;;;;;;;;;;;;;;;;;;
9 JUTA RAKYAT AS NGAMUK‼️ DEMO GULINGKAN...;2026-03-30;16.15;;;;;;;;;;;;;;;;;;;;;;;
HEBOH‼️ WARGA SINGAPURA-MALAYSIA HERAN...;2026-03-30;18.30;;;;;;;;;;;;;;;;;;;;;;;
TRUMP TERANCAM BAHAYA‼️ RIBUAN TENTARA AS...;2026-03-30;20.15;;;;;;;;;;;;;;;;;;;;;;;
JUTAAN WARGA AS NGAMUK MEMBURU TRUMP‼️...;2026-03-31;07.15;;;;;;;;;;;;;;;;;;;;;;;
PRABOWO MURKA BESAR‼️ ISRAEL SERANG PASUKAN...;2026-03-31;10.15;;;;;;;;;;;;;;;;;;;;;;;
WARGA ISRAEL RASAKAN SIMULASI HIDUP DI NERAKA‼️...;2026-03-31;13.15;;;;;;;;;;;;;;;;;;;;;;;
DUNIA PANIK‼️ HARGA BBM NAIK GILA-GILAAN...;2026-03-31;16.15;;;;;;;;;;;;;;;;;;;;;;;
CHINA-RUSIA BANTU INDONESIA PERANG...;2026-03-31;19.15;;;;;;;;;;;;;;;;;;;;;;;
MEMANAS‼️ MALAYSIA PANIK, FILIPINA REBUT SABAH...;2026-04-01;19.45;;;;;;;;;;;;;;;;;;;;;;;
DUNIA PANIK‼️ HARGA BBM NAIK GILA-GILAAN (Shorts);2026-04-01;19.04;;;;;;;;;;;;;;;;;;;;;;;
MALAYSIA MENJERIT‼️BBM NAIK GILA-GILAAN...;2026-04-01;16.15;;;;;;;;;;;;;;;;;;;;;;;
PBB TURUN TANGAN‼️ DUNIA BERSATU BELA INDONESIA...;2026-04-01;13.15;;;;;;;;;;;;;;;;;;;;;;;
IRAN LEDAKKAN RIBUAN ALUTSISTA AS‼️...;2026-04-01;10.27;;;;;;;;;;;;;;;;;;;;;;;
MALAYSIA GANTI NAMA MENJADI MALAYDESH⁉️...;2026-04-01;07.15;;;;;;;;;;;;;;;;;;;;;;;
CHINA-RUSIA BANTU INDONESIA PERANG LAWAN ISRAEL‼️ (Shorts);2026-04-02;20.15;;;;;;;;;;;;;;;;;;;;;;;
PRABOWO MURKA AKTIFKAN MODE PERANG‼️...;2026-04-02;18.30;;;;;;;;;;;;;;;;;;;;;;;
PASUKAN CHECNYA TURUN TANGAN‼️...;2026-04-02;16.15;;;;;;;;;;;;;;;;;;;;;;;
MALAYSIA MALU ‼️ FAKTA TERBONGKAR BANI SARAPAN...;2026-04-02;13.15;;;;;;;;;;;;;;;;;;;;;;;
TNI BERGUGURAN DISERANG ISRAEL‼️...;2026-04-02;10.15;;;;;;;;;;;;;;;;;;;;;;;
DEMI INDONESIA & RAKYAT GAZA‼️...;2026-04-02;07.15;;;;;;;;;;;;;;;;;;;;;;;
RIBUAN RUDAL IRAN BERJATUHAN‼️ 39 TENTARA AS TEWAS SERENTAK...;2026-04-03;20.15;;;;;;;;;;;;;;;;;;;;;;;
INDONESIA JADI PENENTU NASIB 1 MILIAR ORANG!...;2026-04-03;18.30;;;;;;;;;;;;;;;;;;;;;;;
MENKEU PURBAYA JADI SOROTAN MALAYSIA-SINGAPURA!...;2026-04-03;16.15;;;;;;;;;;;;;;;;;;;;;;;
RATUSAN PASUKAN AS PULANG DALAM PETI MATI!...;2026-04-03;13.15;;;;;;;;;;;;;;;;;;;;;;;
MALAYSIA MENANGIS! HARGA BBM MENCEKIK...;2026-04-03;10.15;;;;;;;;;;;;;;;;;;;;;;;
MAMPUS! 100 TENTARA AS TEWAS, TRUMP MINTA AMPUN!...;2026-04-03;07.15;;;;;;;;;;;;;;;;;;;;;;;
MILITER AS KRISIS, 8 JENDERAL DIPECAT!...;2026-04-04;20.15;;;;;;;;;;;;;;;;;;;;;;;
ISRAEL-AS DIKUCILKAN! EROPA DIAM-DIAM LOBI IRAN!...;2026-04-04;18.30;;;;;;;;;;;;;;;;;;;;;;;
BBM INDONESIA NGGAK NGOTAK! WARGA THAILAND & MALAYSIA...;2026-04-04;16.15;;;;;;;;;;;;;;;;;;;;;;;
JADI GEMBEL DAN DIHANTUI RUDAL IRAN! ISRAEL SENGSARA...;2026-04-04;13.15;;;;;;;;;;;;;;;;;;;;;;;
3500 PASUKAN TENTARA AS MUSNAH SERENTAK!...;2026-04-04;10.15;;;;;;;;;;;;;;;;;;;;;;;
400 KILOGRAM BOM LENYAPKAN ISRAEL! TRUMP PANIK...;2026-04-04;07.15;;;;;;;;;;;;;;;;;;;;;;;
HEBOH! THAILAND MAKIN TERTINGGAL!...;2026-04-05;20.15;;;;;;;;;;;;;;;;;;;;;;;
GEMPAR! IRGC BASMI RIBUAN TENTARA ISRAEL!...;2026-04-05;18.15;;;;;;;;;;;;;;;;;;;;;;;
GEMPAR! TRUMP TERJANGKIT PENYAKIT MISTERIUS...;2026-04-05;16.15;;;;;;;;;;;;;;;;;;;;;;;
GEGER! PRABOWO DEKLARASIKAN PERANG LAWAN ISRAEL!...;2026-04-05;13.15;;;;;;;;;;;;;;;;;;;;;;;
WARGA IRAN SORAK-SORAI LIHAT JET AS MELEDAK!...;2026-04-05;10.15;;;;;;;;;;;;;;;;;;;;;;;
ISRAEL MENGGILA! 5 JUTA WARGA BEREBUT BUNKER...;2026-04-05;07.15;;;;;;;;;;;;;;;;;;;;;;;
PULUHAN PASUKAN ELIT AS TEWAS DIBANTAI IRAN...;2026-04-06;20.00;;;;;;;;;;;;;;;;;;;;;;;
TRUMP GEMETAR! IRAN TERLALU BRUTAL...;2026-04-06;18.30;;;;;;;;;;;;;;;;;;;;;;;
GEGER! SATU KOTA ISRAEL DITENGGELAMKAN...;2026-04-06;16.15;;;;;;;;;;;;;;;;;;;;;;;
AS TERKEPUNG! PRANCIS & INGGRIS MEMBELOT...;2026-04-06;13.15;;;;;;;;;;;;;;;;;;;;;;;
GEGER! PRABOWO DEKLARASIKAN PERANG LAWAN ISRAEL! (Shorts);2026-04-06;10.53;;;;;;;;;;;;;;;;;;;;;;;
CHAOS! RATUSAN TENTARA ISRAEL BUNDIR MASSAL!...;2026-04-06;07.15;;;;;;;;;;;;;;;;;;;;;;;
RUSIA-BELARUS INCAR INDONESIA BANGUN PROYEK ANTARIKSA...;2026-04-07;20.15;;;;;;;;;;;;;;;;;;;;;;;
KARM4 NYATA? PABRIK KIMIA MELEDAK! GAS BERACUN...;2026-04-07;18.30;;;;;;;;;;;;;;;;;;;;;;;
CHAOS! RATUSAN TENTARA ISRAEL BUNDIR MASSAL! (Shorts);2026-04-07;17.01;;;;;;;;;;;;;;;;;;;;;;;
TNI GAK SALAH APA-APA TERUS DISERANG! PRABOWO-SBY MURKA...;2026-04-07;16.15;;;;;;;;;;;;;;;;;;;;;;;
MALAYSIA KEBAKARAN JENGGOT! KENA MENTAL GARA-GARA BBM...;2026-04-07;13.15;;;;;;;;;;;;;;;;;;;;;;;
RIBUAN WARGA ZIONIS LENYAP‼️ SENATOR AS NGAMUK...;2026-04-07;10.15;;;;;;;;;;;;;;;;;;;;;;;
IRAN NGAMUK‼️ ISRAEL RATA DENGAN TANAH‼️...;2026-04-07;07.15;;;;;;;;;;;;;;;;;;;;;;;
PERSETAN AMERIKA! PRABOWO LAKUKAN AKSI GILA...;2026-04-08;20.15;;;;;;;;;;;;;;;;;;;;;;;
TRUMP GEMETAR! IRAN TERLALU BRUTAL... (Shorts);2026-04-08;19.00;;;;;;;;;;;;;;;;;;;;;;;
SENJATA MAKAN TUAN‼️ ISRAEL BANTAI KAUMNYA SENDIRI...;2026-04-08;18.30;;;;;;;;;;;;;;;;;;;;;;;
TRUMP NYERAH‼️ AS BERLUTUT DAN TURUTI SEMUA KEMAUAN IRAN...;2026-04-08;16.15;;;;;;;;;;;;;;;;;;;;;;;
TETANGGA IRI‼️ BBM MALAYSIA MEROKET GILA...;2026-04-08;13.15;;;;;;;;;;;;;;;;;;;;;;;
AS-ISRAEL BANGKRUT TOTAL! TRUMP & NETANYAHU BERLUTUT...;2026-04-08;10.15;;;;;;;;;;;;;;;;;;;;;;;
DUNIA GEMPAR! RUDAL IRAN BAKAR HABIS ZIONIS...;2026-04-08;07.15;;;;;;;;;;;;;;;;;;;;;;;
GEMPARKAN AS‼️ RIBUAN TENTARA TENGGELAM...;2026-04-09;20.00;;;;;;;;;;;;;;;;;;;;;;;
GEMPARKAN AS‼️ RIBUAN TENTARA TENGGELAM DI LAUT DIHAJAR RUDAL IRAN...;2026-04-09;20.00;;;;;;;;;;;;;;;;;;;;;;;
ISRAEL TAMAT! IRAN HANCURKAN JANTUNG TEL AVIV...;2026-04-09;18.30;;;;;;;;;;;;;;;;;;;;;;;
QATAR GABUNG IRAN! MEDIA BARAT AKUI ISRAEL HANCUR TOTAL...;2026-04-09;16.15;;;;;;;;;;;;;;;;;;;;;;;
BIKIN DUNIA MENANGIS! MEDIA ASING TAKJUB LIHAT ISAK TANGIS...;2026-04-09;13.15;;;;;;;;;;;;;;;;;;;;;;;
GEMPAR! TRUMP RESMI DIBORGOL! WARGA AS PESTA PORA...;2026-04-09;10.15;;;;;;;;;;;;;;;;;;;;;;;
PASUKAN ELIT IRAN PASANG BADAN UNTUK TNI!...;2026-04-09;07.15;;;;;;;;;;;;;;;;;;;;;;;
TRUMP RESMI DILENGSERKAN! SEMUA PASUKAN...;2026-04-10;20.15;;;;;;;;;;;;;;;;;;;;;;;
TRUMP TAMPAR NETANYAHU! SATU DUNIA DUKUNG...;2026-04-10;18.30;;;;;;;;;;;;;;;;;;;;;;;
PERANG MEMBARA! IRAN BALASKAN DENDAM...;2026-04-10;16.15;;;;;;;;;;;;;;;;;;;;;;;
GEMPARKAN DUNIA! JURNALIS AS BONGKAR...;2026-04-10;13.15;;;;;;;;;;;;;;;;;;;;;;;
ISRAEL TERJEPIT! SEMUA NEGARA HANCUR LEBURKAN...;2026-04-10;07.15;;;;;;;;;;;;;;;;;;;;;;;
WARGA ASING MELONGO! HARGA BBM INDONESIA STABIL...;2026-04-11;20.15;;;;;;;;;;;;;;;;;;;;;;;
ISRAEL TERKAPAR! IRAN LANJUT HUJANI RUDAL...;2026-04-11;18.30;;;;;;;;;;;;;;;;;;;;;;;
TRAGIS! TRUMP DISERET KE SEL TAHANAN!...;2026-04-11;16.15;;;;;;;;;;;;;;;;;;;;;;;
5 RIBU MAYAT AS TERGELETAK! 10 JUTA WARGA...;2026-04-11;13.15;;;;;;;;;;;;;;;;;;;;;;;
DUNIA GEMPAR! IRAN UTUS MALAIKAT MAUT...;2026-04-11;10.15;;;;;;;;;;;;;;;;;;;;;;;
TRUMP DIUSIR PAKSA! 10 JUTA RAKYAT AS NGAMUK...;2026-04-11;07.15;;;;;;;;;;;;;;;;;;;;;;;
MALAYSIA SYOK! WARGA JIRAN AKUI INDONESIA MURAH, TAK SEPERTI DI MALAYSIA APA-APA MAHAL!;2026-04-12;20.00;;;;;;;;;;;;;;;;;;;;;;;
IRAN NGAMUK! PANGKALAN AS RATA DENGAN TANAH, RIBUAN TENTARA AS DIBURU IRGC IRAN!;2026-04-12;18.30;;;;;;;;;;;;;;;;;;;;;;;
SALAH PILIH LAWAN! 500 RUDAL IRAN MELEDAK DIMANA-MANA! WARGA ZIONIS KETAKUTAN, NETANYAHU PENGECUT!;2026-04-12;16.15;;;;;;;;;;;;;;;;;;;;;;;
BARAT GEMPAR! MAYAT TENTARA AS MATI KONYOL, RATUSAN TANK ISRAEL MELEDAK, WARGA ZIONIS SEKARAT!;2026-04-12;13.15;;;;;;;;;;;;;;;;;;;;;;;
DUNIA GEMETAR! IRAN KIRIM RIBUAN RUDAL NON STOP RATAKAN 1000 WARGA ZIONIS! TRUMP TAK SANGGUP LAGI!;2026-04-12;10.15;;;;;;;;;;;;;;;;;;;;;;;
GEMPAR! TRUMP PANIK TARIK SEMUA KAPAL INDUK! TRUMP RESMI DILENGSERKAN!;2026-04-12;07.15;;;;;;;;;;;;;;;;;;;;;;;
KACAU TOTAL! EKONOMI MALAYSIA AMBRUK, KINI TAK SANGGUP LAGI URUS MINYAK!;2026-04-13;20.15;;;;;;;;;;;;;;;;;;;;;;;
NGERI! MALAYSIA DIAMBANG BUBAR, KRISIS BERAS PARAH, ANWAR IBRAHIM MINTA BANTUAN KE INDONESIA!;2026-04-13;18.30;;;;;;;;;;;;;;;;;;;;;;;
JIRAN MEMANAS! DPR MALAYSIA RIBUT BESAR GARA-GARA BENDERA CHINA, MALU SAMA CINDO?;2026-04-13;16.15;;;;;;;;;;;;;;;;;;;;;;;
DUNIA KAGET! BELA IRAN, CHINA TEMBAK JET TEMPUR F-22 AS! TRUMP PANIK ANCAM XI JINPING!;2026-04-13;13.15;;;;;;;;;;;;;;;;;;;;;;;
AMERIKA BERDARAH! 10 RIBU TENTARA AS DIEKSEKUSI MATI IRAN, TRUMP DITENDANG DARI KURSI PRESIDEN!;2026-04-13;10.15;;;;;;;;;;;;;;;;;;;;;;;
KACAU! TRUMP DIKEROYOK 100 JUTA WARGA AS, IRAN & LEBANON RESMI RATAKAN ISRAEL!;2026-04-13;07.15;;;;;;;;;;;;;;;;;;;;;;;
HINA IQ78! JIRAN SEBUT SURABAYA KOTA BABU, NETIZEN INDO TAMPOL MULUT LANCANG MALAYSIA!;2026-04-14;20.30;;;;;;;;;;;;;;;;;;;;;;;
KLAIM TUMPUAN DUNIA! WARGA MALAYSIA NGAMUK BBM NAIK 212%, PRABOWO-PUTIN BERSATU, JIRAN TERPOJOK!;2026-04-14;18.30;;;;;;;;;;;;;;;;;;;;;;;
GEMPAR! MARKAS IDF JADI ABU, DESTROYER AS DITENGGELAMKAN IRAN, TRUMP STRESS BERAT KALAH PERANG!;2026-04-14;16.15;;;;;;;;;;;;;;;;;;;;;;;
KOCAK! SERING PAMER MINYAK MURAH, KINI WARGA MALAYSIA SHOCK HARGA ROTI CANAI GILA-GILAN!;2026-04-14;13.15;;;;;;;;;;;;;;;;;;;;;;;
KONDISI KRITIS! TRUMP DILARIKAN KE RS, TIM MEDIS AS AKUI TRUMP ALAMI GANGGUAN MENTAL!;2026-04-14;10.15;;;;;;;;;;;;;;;;;;;;;;;
KARMA! DULU HINA INDONESIA BABU, KINI RAKYAT MALAYSIA SENDIRI TERSIKSA & DIBUNGKAM;2026-04-14;07.15;;;;;;;;;;;;;;;;;;;;;;;
;;;;;;;;;;;;;;;;;;;;;;;;;
;;;;;;;;;;;;;;;;;;;;;;;;;
;;;;;;;;;;;;;;;;;;;;;;;;;
;;;;;;;;;;;;;;;;;;;;;;;;;
;;;;;;;;;;;;;;;;;;;;;;;;;
;;;;;;;;;;;;;;;;;;;;;;;;;
;;;;;;;;;;;;;;;;;;;;;;;;;
;;;;;;;;;;;;;;;;;;;;;;;;;
;;;;;;;;;;;;;;;;;;;;;;;;;
;;;;;;;;;;;;;;;;;;;;;;;;;
;;;;;;;;;;;;;;;;;;;;;;;;;
;;;;;;;;;;;;;;;;;;;;;;;;;
;;;;;;;;;;;;;;;;;;;;;;;;;
;;;;;;;;;;;;;;;;;;;;;;;;;
;;;;;;;;;;;;;;;;;;;;;;;;;
;;;;;;;;;;;;;;;;;;;;;;;;;
;;;;;;;;;;;;;;;;;;;;;;;;;
;;;;;;;;;;;;;;;;;;;;;;;;;
;;;;;;;;;;;;;;;;;;;;;;;;;
;;;;;;;;;;;;;;;;;;;;;;;;;
;;;;;;;;;;;;;;;;;;;;;;;;;
;;;;;;;;;;;;;;;;;;;;;;;;;
;;;;;;;;;;;;;;;;;;;;;;;;;
;;;;;;;;;;;;;;;;;;;;;;;;;
;;;;;;;;;;;;;;;;;;;;;;;;;
;;;;;;;;;;;;;;;;;;;;;;;;;
;;;;;;;;;;;;;;;;;;;;;;;;;
;;;;;;;;;;;;;;;;;;;;;;;;;
;;;;;;;;;;;;;;;;;;;;;;;;;
;;;;;;;;;;;;;;;;;;;;;;;;;
;;;;;;;;;;;;;;;;;;;;;;;;;
;;;;;;;;;;;;;;;;;;;;;;;;;
;;;;;;;;;;;;;;;;;;;;;;;;;
;;;;;;;;;;;;;;;;;;;;;;;;;
;;;;;;;;;;;;;;;;;;;;;;;;;
;;;;;;;;;;;;;;;;;;;;;;;;;
;;;;;;;;;;;;;;;;;;;;;;;;;
;;;;;;;;;;;;;;;;;;;;;;;;;
;;;;;;;;;;;;;;;;;;;;;;;;;
;;;;;;;;;;;;;;;;;;;;;;;;;
;;;;;;;;;;;;;;;;;;;;;;;;;
;;;;;;;;;;;;;;;;;;;;;;;;;
;;;;;;;;;;;;;;;;;;;;;;;;;
;;;;;;;;;;;;;;;;;;;;;;;;;
;;;;;;;;;;;;;;;;;;;;;;;;;
;;;;;;;;;;;;;;;;;;;;;;;;;
;;;;;;;;;;;;;;;;;;;;;;;;;
;;;;;;;;;;;;;;;;;;;;;;;;;
;;;;;;;;;;;;;;;;;;;;;;;;;
;;;;;;;;;;;;;;;;;;;;;;;;;
;;;;;;;;;;;;;;;;;;;;;;;;;
;;;;;;;;;;;;;;;;;;;;;;;;;
;;;;;;;;;;;;;;;;;;;;;;;;;
;;;;;;;;;;;;;;;;;;;;;;;;;
;;;;;;;;;;;;;;;;;;;;;;;;;
;;;;;;;;;;;;;;;;;;;;;;;;;
;;;;;;;;;;;;;;;;;;;;;;;;;
;;;;;;;;;;;;;;;;;;;;;;;;;
;;;;;;;;;;;;;;;;;;;;;;;;;
;;;;;;;;;;;;;;;;;;;;;;;;;
;;;;;;;;;;;;;;;;;;;;;;;;;
;;;;;;;;;;;;;;;;;;;;;;;;;
;;;;;;;;;;;;;;;;;;;;;;;;;
;;;;;;;;;;;;;;;;;;;;;;;;;
;;;;;;;;;;;;;;;;;;;;;;;;;
;;;;;;;;;;;;;;;;;;;;;;;;;
;;;;;;;;;;;;;;;;;;;;;;;;;
;;;;;;;;;;;;;;;;;;;;;;;;;
;;;;;;;;;;;;;;;;;;;;;;;;;
;;;;;;;;;;;;;;;;;;;;;;;;;
;;;;;;;;;;;;;;;;;;;;;;;;;
;;;;;;;;;;;;;;;;;;;;;;;;;
;;;;;;;;;;;;;;;;;;;;;;;;;
;;;;;;;;;;;;;;;;;;;;;;;;;
;;;;;;;;;;;;;;;;;;;;;;;;;
;;;;;;;;;;;;;;;;;;;;;;;;;
;;;;;;;;;;;;;;;;;;;;;;;;;
;;;;;;;;;;;;;;;;;;;;;;;;;
;;;;;;;;;;;;;;;;;;;;;;;;;
;;;;;;;;;;;;;;;;;;;;;;;;;
;;;;;;;;;;;;;;;;;;;;;;;;;
;;;;;;;;;;;;;;;;;;;;;;;;;
;;;;;;;;;;;;;;;;;;;;;;;;;
;;;;;;;;;;;;;;;;;;;;;;;;;
;;;;;;;;;;;;;;;;;;;;;;;;;
;;;;;;;;;;;;;;;;;;;;;;;;;
;;;;;;;;;;;;;;;;;;;;;;;;;
;;;;;;;;;;;;;;;;;;;;;;;;;
;;;;;;;;;;;;;;;;;;;;;;;;;
;;;;;;;;;;;;;;;;;;;;;;;;;
;;;;;;;;;;;;;;;;;;;;;;;;;
;;;;;;;;;;;;;;;;;;;;;;;;;
;;;;;;;;;;;;;;;;;;;;;;;;;
;;;;;;;;;;;;;;;;;;;;;;;;;
;;;;;;;;;;;;;;;;;;;;;;;;;
;;;;;;;;;;;;;;;;;;;;;;;;;
;;;;;;;;;;;;;;;;;;;;;;;;;
;;;;;;;;;;;;;;;;;;;;;;;;;
;;;;;;;;;;;;;;;;;;;;;;;;;
;;;;;;;;;;;;;;;;;;;;;;;;;
;;;;;;;;;;;;;;;;;;;;;;;;;
;;;;;;;;;;;;;;;;;;;;;;;;;
;;;;;;;;;;;;;;;;;;;;;;;;;
;;;;;;;;;;;;;;;;;;;;;;;;;
;;;;;;;;;;;;;;;;;;;;;;;;;
;;;;;;;;;;;;;;;;;;;;;;;;;
;;;;;;;;;;;;;;;;;;;;;;;;;
;;;;;;;;;;;;;;;;;;;;;;;;;
;;;;;;;;;;;;;;;;;;;;;;;;;
;;;;;;;;;;;;;;;;;;;;;;;;;
;;;;;;;;;;;;;;;;;;;;;;;;;
;;;;;;;;;;;;;;;;;;;;;;;;;
;;;;;;;;;;;;;;;;;;;;;;;;;
;;;;;;;;;;;;;;;;;;;;;;;;;
;;;;;;;;;;;;;;;;;;;;;;;;;
;;;;;;;;;;;;;;;;;;;;;;;;;
;;;;;;;;;;;;;;;;;;;;;;;;;
;;;;;;;;;;;;;;;;;;;;;;;;;
;;;;;;;;;;;;;;;;;;;;;;;;;
;;;;;;;;;;;;;;;;;;;;;;;;;
;;;;;;;;;;;;;;;;;;;;;;;;;
;;;;;;;;;;;;;;;;;;;;;;;;;
;;;;;;;;;;;;;;;;;;;;;;;;;
;;;;;;;;;;;;;;;;;;;;;;;;;
;;;;;;;;;;;;;;;;;;;;;;;;;
;;;;;;;;;;;;;;;;;;;;;;;;;
;;;;;;;;;;;;;;;;;;;;;;;;;
;;;;;;;;;;;;;;;;;;;;;;;;;
;;;;;;;;;;;;;;;;;;;;;;;;;
;;;;;;;;;;;;;;;;;;;;;;;;;
;;;;;;;;;;;;;;;;;;;;;;;;;
;;;;;;;;;;;;;;;;;;;;;;;;;
;;;;;;;;;;;;;;;;;;;;;;;;;
;;;;;;;;;;;;;;;;;;;;;;;;;
;;;;;;;;;;;;;;;;;;;;;;;;;
;;;;;;;;;;;;;;;;;;;;;;;;;
;;;;;;;;;;;;;;;;;;;;;;;;;
;;;;;;;;;;;;;;;;;;;;;;;;;
;;;;;;;;;;;;;;;;;;;;;;;;;
;;;;;;;;;;;;;;;;;;;;;;;;;
;;;;;;;;;;;;;;;;;;;;;;;;;
;;;;;;;;;;;;;;;;;;;;;;;;;
;;;;;;;;;;;;;;;;;;;;;;;;;
;;;;;;;;;;;;;;;;;;;;;;;;;
;;;;;;;;;;;;;;;;;;;;;;;;;
;;;;;;;;;;;;;;;;;;;;;;;;;
;;;;;;;;;;;;;;;;;;;;;;;;;
;;;;;;;;;;;;;;;;;;;;;;;;;
;;;;;;;;;;;;;;;;;;;;;;;;;
;;;;;;;;;;;;;;;;;;;;;;;;;
;;;;;;;;;;;;;;;;;;;;;;;;;
;;;;;;;;;;;;;;;;;;;;;;;;;
;;;;;;;;;;;;;;;;;;;;;;;;;
;;;;;;;;;;;;;;;;;;;;;;;;;
;;;;;;;;;;;;;;;;;;;;;;;;;
;;;;;;;;;;;;;;;;;;;;;;;;;
;;;;;;;;;;;;;;;;;;;;;;;;;
;;;;;;;;;;;;;;;;;;;;;;;;;
;;;;;;;;;;;;;;;;;;;;;;;;;
;;;;;;;;;;;;;;;;;;;;;;;;;
;;;;;;;;;;;;;;;;;;;;;;;;;
;;;;;;;;;;;;;;;;;;;;;;;;;
;;;;;;;;;;;;;;;;;;;;;;;;;
;;;;;;;;;;;;;;;;;;;;;;;;;
;;;;;;;;;;;;;;;;;;;;;;;;;
;;;;;;;;;;;;;;;;;;;;;;;;;
;;;;;;;;;;;;;;;;;;;;;;;;;
;;;;;;;;;;;;;;;;;;;;;;;;;
;;;;;;;;;;;;;;;;;;;;;;;;;
;;;;;;;;;;;;;;;;;;;;;;;;;
;;;;;;;;;;;;;;;;;;;;;;;;;
;;;;;;;;;;;;;;;;;;;;;;;;;
;;;;;;;;;;;;;;;;;;;;;;;;;
;;;;;;;;;;;;;;;;;;;;;;;;;
;;;;;;;;;;;;;;;;;;;;;;;;;
;;;;;;;;;;;;;;;;;;;;;;;;;
;;;;;;;;;;;;;;;;;;;;;;;;;
;;;;;;;;;;;;;;;;;;;;;;;;;
;;;;;;;;;;;;;;;;;;;;;;;;;
;;;;;;;;;;;;;;;;;;;;;;;;;
;;;;;;;;;;;;;;;;;;;;;;;;;
;;;;;;;;;;;;;;;;;;;;;;;;;
;;;;;;;;;;;;;;;;;;;;;;;;;
;;;;;;;;;;;;;;;;;;;;;;;;;
;;;;;;;;;;;;;;;;;;;;;;;;;
;;;;;;;;;;;;;;;;;;;;;;;;;
;;;;;;;;;;;;;;;;;;;;;;;;;
;;;;;;;;;;;;;;;;;;;;;;;;;
;;;;;;;;;;;;;;;;;;;;;;;;;
;;;;;;;;;;;;;;;;;;;;;;;;;
;;;;;;;;;;;;;;;;;;;;;;;;;
;;;;;;;;;;;;;;;;;;;;;;;;;
;;;;;;;;;;;;;;;;;;;;;;;;;
;;;;;;;;;;;;;;;;;;;;;;;;;
;;;;;;;;;;;;;;;;;;;;;;;;;
;;;;;;;;;;;;;;;;;;;;;;;;;
;;;;;;;;;;;;;;;;;;;;;;;;;
;;;;;;;;;;;;;;;;;;;;;;;;;
;;;;;;;;;;;;;;;;;;;;;;;;;
;;;;;;;;;;;;;;;;;;;;;;;;;
;;;;;;;;;;;;;;;;;;;;;;;;;
;;;;;;;;;;;;;;;;;;;;;;;;;
;;;;;;;;;;;;;;;;;;;;;;;;;
;;;;;;;;;;;;;;;;;;;;;;;;;
;;;;;;;;;;;;;;;;;;;;;;;;;
;;;;;;;;;;;;;;;;;;;;;;;;;
;;;;;;;;;;;;;;;;;;;;;;;;;
;;;;;;;;;;;;;;;;;;;;;;;;;
;;;;;;;;;;;;;;;;;;;;;;;;;
;;;;;;;;;;;;;;;;;;;;;;;;;
;;;;;;;;;;;;;;;;;;;;;;;;;
;;;;;;;;;;;;;;;;;;;;;;;;;
;;;;;;;;;;;;;;;;;;;;;;;;;
;;;;;;;;;;;;;;;;;;;;;;;;;
;;;;;;;;;;;;;;;;;;;;;;;;;
;;;;;;;;;;;;;;;;;;;;;;;;;
;;;;;;;;;;;;;;;;;;;;;;;;;
;;;;;;;;;;;;;;;;;;;;;;;;;
;;;;;;;;;;;;;;;;;;;;;;;;;
;;;;;;;;;;;;;;;;;;;;;;;;;
;;;;;;;;;;;;;;;;;;;;;;;;;
;;;;;;;;;;;;;;;;;;;;;;;;;
;;;;;;;;;;;;;;;;;;;;;;;;;
;;;;;;;;;;;;;;;;;;;;;;;;;
;;;;;;;;;;;;;;;;;;;;;;;;;
;;;;;;;;;;;;;;;;;;;;;;;;;
;;;;;;;;;;;;;;;;;;;;;;;;;
;;;;;;;;;;;;;;;;;;;;;;;;;
;;;;;;;;;;;;;;;;;;;;;;;;;
;;;;;;;;;;;;;;;;;;;;;;;;;
;;;;;;;;;;;;;;;;;;;;;;;;;
;;;;;;;;;;;;;;;;;;;;;;;;;
;;;;;;;;;;;;;;;;;;;;;;;;;
;;;;;;;;;;;;;;;;;;;;;;;;;